Druh školy skrátený;Typ školy skrátený;Druh 1;Druh 2;Kraj názov;NUTS3;Okres názov;LAU1;Počet organizačných zložiek;Zriaďovateľ - Forma vlastníctva názov;Zriaďovateľ - Typ názov;
GYM;GYM;SŠ;GYM;Banskobystrický;SK032;Banská Bystrica;SK0321;2;cirkevná;cirkev, náboženská spoločnosť;
GYM;GYM;SŠ;GYM;Banskobystrický;SK032;Banská Bystrica;SK0321;1;súkromná;súkromník;
GYM;GYM;SŠ;GYM;Banskobystrický;SK032;Banská Bystrica;SK0321;2;štátna;regionálny úrad školskej správy;
GYM;GYM;SŠ;GYM;Banskobystrický;SK032;Banská Bystrica;SK0321;1;štátna;samosprávny kraj ;
GYM;GYM;SŠ;GYM;Banskobystrický;SK032;Banská Štiavnica;SK0322;1;štátna;samosprávny kraj ;
GYM;GYM;SŠ;GYM;Banskobystrický;SK032;Brezno;SK0323;1;súkromná;súkromník;
GYM;GYM;SŠ;GYM;Banskobystrický;SK032;Brezno;SK0323;1;štátna;samosprávny kraj ;
GYM;GYM;SŠ;GYM;Banskobystrický;SK032;Detva;SK0324;1;štátna;samosprávny kraj ;
GYM;GYM;SŠ;GYM;Banskobystrický;SK032;Krupina;SK0325;1;štátna;samosprávny kraj ;
GYM;GYM;SŠ;GYM;Banskobystrický;SK032;Lučenec;SK0326;1;súkromná;súkromník;
GYM;GYM;SŠ;GYM;Banskobystrický;SK032;Lučenec;SK0326;2;štátna;samosprávny kraj ;
GYM;GYM;SŠ;GYM;Banskobystrický;SK032;Poltár;SK0327;1;štátna;samosprávny kraj ;
GYM;GYM;SŠ;GYM;Banskobystrický;SK032;Revúca;SK0328;1;štátna;samosprávny kraj ;
GYM;GYM;SŠ;GYM;Banskobystrický;SK032;Rimavská Sobota;SK0329;2;cirkevná;cirkev, náboženská spoločnosť;
GYM;GYM;SŠ;GYM;Banskobystrický;SK032;Rimavská Sobota;SK0329;1;štátna;samosprávny kraj ;
GYM;GYM;SŠ;GYM;Banskobystrický;SK032;Veľký Krtíš;SK032A;1;štátna;samosprávny kraj ;
GYM;GYM;SŠ;GYM;Banskobystrický;SK032;Zvolen;SK032B;1;štátna;samosprávny kraj ;
GYM;GYM;SŠ;GYM;Banskobystrický;SK032;Žarnovica;SK032C;1;štátna;samosprávny kraj ;
GYM;GYM;SŠ;GYM;Banskobystrický;SK032;Žiar nad Hronom;SK032D;2;súkromná;súkromník;
GYM;GYM;SŠ;GYM;Banskobystrický;SK032;Žiar nad Hronom;SK032D;1;štátna;samosprávny kraj ;
GYM;GYM;SŠ;GYM;Bratislavský;SK010;Bratislava I;SK0101;2;cirkevná;cirkev, náboženská spoločnosť;
GYM;GYM;SŠ;GYM;Bratislavský;SK010;Bratislava I;SK0101;2;súkromná;súkromník;
GYM;GYM;SŠ;GYM;Bratislavský;SK010;Bratislava I;SK0101;3;štátna;samosprávny kraj ;
GYM;GYM;SŠ;GYM;Bratislavský;SK010;Bratislava II;SK0102;1;cirkevná;cirkev, náboženská spoločnosť;
GYM;GYM;SŠ;GYM;Bratislavský;SK010;Bratislava II;SK0102;3;súkromná;súkromník;
GYM;GYM;SŠ;GYM;Bratislavský;SK010;Bratislava II;SK0102;4;štátna;regionálny úrad školskej správy;
GYM;GYM;SŠ;GYM;Bratislavský;SK010;Bratislava II;SK0102;2;štátna;samosprávny kraj ;
GYM;GYM;SŠ;GYM;Bratislavský;SK010;Bratislava III;SK0103;1;cirkevná;cirkev, náboženská spoločnosť;
GYM;GYM;SŠ;GYM;Bratislavský;SK010;Bratislava III;SK0103;3;súkromná;súkromník;
GYM;GYM;SŠ;GYM;Bratislavský;SK010;Bratislava III;SK0103;1;štátna;samosprávny kraj ;
GYM;GYM;SŠ;GYM;Bratislavský;SK010;Bratislava IV;SK0104;1;cirkevná;cirkev, náboženská spoločnosť;
GYM;GYM;SŠ;GYM;Bratislavský;SK010;Bratislava IV;SK0104;3;súkromná;súkromník;
GYM;GYM;SŠ;GYM;Bratislavský;SK010;Bratislava IV;SK0104;1;štátna;obec, mesto;
GYM;GYM;SŠ;GYM;Bratislavský;SK010;Bratislava IV;SK0104;2;štátna;regionálny úrad školskej správy;
GYM;GYM;SŠ;GYM;Bratislavský;SK010;Bratislava V;SK0105;3;cirkevná;cirkev, náboženská spoločnosť;
GYM;GYM;SŠ;GYM;Bratislavský;SK010;Bratislava V;SK0105;4;súkromná;súkromník;
GYM;GYM;SŠ;GYM;Bratislavský;SK010;Bratislava V;SK0105;2;štátna;samosprávny kraj ;
GYM;GYM;SŠ;GYM;Bratislavský;SK010;Malacky;SK0106;1;cirkevná;cirkev, náboženská spoločnosť;
GYM;GYM;SŠ;GYM;Bratislavský;SK010;Malacky;SK0106;1;štátna;samosprávny kraj ;
GYM;GYM;SŠ;GYM;Bratislavský;SK010;Pezinok;SK0107;2;štátna;samosprávny kraj ;
GYM;GYM;SŠ;GYM;Bratislavský;SK010;Senec;SK0108;2;štátna;samosprávny kraj ;
GYM;GYM;SŠ;GYM;Košický;SK042;Gelnica;SK0421;1;štátna;samosprávny kraj ;
GYM;GYM;SŠ;GYM;Košický;SK042;Košice - okolie;SK0426;1;cirkevná;cirkev, náboženská spoločnosť;
GYM;GYM;SŠ;GYM;Košický;SK042;Košice - okolie;SK0426;1;štátna;samosprávny kraj ;
GYM;GYM;SŠ;GYM;Košický;SK042;Košice I;SK0422;3;cirkevná;cirkev, náboženská spoločnosť;
GYM;GYM;SŠ;GYM;Košický;SK042;Košice I;SK0422;1;súkromná;súkromník;
GYM;GYM;SŠ;GYM;Košický;SK042;Košice I;SK0422;2;štátna;regionálny úrad školskej správy;
GYM;GYM;SŠ;GYM;Košický;SK042;Košice I;SK0422;3;štátna;samosprávny kraj ;
GYM;GYM;SŠ;GYM;Košický;SK042;Košice II;SK0423;1;cirkevná;cirkev, náboženská spoločnosť;
GYM;GYM;SŠ;GYM;Košický;SK042;Košice II;SK0423;2;súkromná;súkromník;
GYM;GYM;SŠ;GYM;Košický;SK042;Košice II;SK0423;1;štátna;samosprávny kraj ;
GYM;GYM;SŠ;GYM;Košický;SK042;Košice III;SK0424;1;cirkevná;cirkev, náboženská spoločnosť;
GYM;GYM;SŠ;GYM;Košický;SK042;Košice III;SK0424;1;súkromná;súkromník;
GYM;GYM;SŠ;GYM;Košický;SK042;Košice IV;SK0425;1;súkromná;súkromník;
GYM;GYM;SŠ;GYM;Košický;SK042;Košice IV;SK0425;2;štátna;samosprávny kraj ;
GYM;GYM;SŠ;GYM;Košický;SK042;Michalovce;SK0427;3;štátna;samosprávny kraj ;
GYM;GYM;SŠ;GYM;Košický;SK042;Rožňava;SK0428;1;štátna;samosprávny kraj ;
GYM;GYM;SŠ;GYM;Košický;SK042;Sobrance;SK0429;1;štátna;samosprávny kraj ;
GYM;GYM;SŠ;GYM;Košický;SK042;Spišská Nová Ves;SK042A;1;cirkevná;cirkev, náboženská spoločnosť;
GYM;GYM;SŠ;GYM;Košický;SK042;Spišská Nová Ves;SK042A;3;štátna;samosprávny kraj ;
GYM;GYM;SŠ;GYM;Košický;SK042;Trebišov;SK042B;1;cirkevná;cirkev, náboženská spoločnosť;
GYM;GYM;SŠ;GYM;Košický;SK042;Trebišov;SK042B;3;štátna;samosprávny kraj ;
GYM;GYM;SŠ;GYM;Nitriansky;SK023;Komárno;SK0231;2;cirkevná;cirkev, náboženská spoločnosť;
GYM;GYM;SŠ;GYM;Nitriansky;SK023;Komárno;SK0231;2;štátna;samosprávny kraj ;
GYM;GYM;SŠ;GYM;Nitriansky;SK023;Levice;SK0232;2;cirkevná;cirkev, náboženská spoločnosť;
GYM;GYM;SŠ;GYM;Nitriansky;SK023;Levice;SK0232;1;štátna;obec, mesto;
GYM;GYM;SŠ;GYM;Nitriansky;SK023;Levice;SK0232;3;štátna;samosprávny kraj ;
GYM;GYM;SŠ;GYM;Nitriansky;SK023;Nitra;SK0233;2;cirkevná;cirkev, náboženská spoločnosť;
GYM;GYM;SŠ;GYM;Nitriansky;SK023;Nitra;SK0233;1;štátna;regionálny úrad školskej správy;
GYM;GYM;SŠ;GYM;Nitriansky;SK023;Nitra;SK0233;3;štátna;samosprávny kraj ;
GYM;GYM;SŠ;GYM;Nitriansky;SK023;Nové Zámky;SK0234;4;štátna;samosprávny kraj ;
GYM;GYM;SŠ;GYM;Nitriansky;SK023;Šaľa;SK0235;1;štátna;samosprávny kraj ;
GYM;GYM;SŠ;GYM;Nitriansky;SK023;Topoľčany;SK0236;1;štátna;samosprávny kraj ;
GYM;GYM;SŠ;GYM;Nitriansky;SK023;Zlaté Moravce;SK0237;1;štátna;samosprávny kraj ;
GYM;GYM;SŠ;GYM;Prešovský;SK041;Bardejov;SK0411;1;cirkevná;cirkev, náboženská spoločnosť;
GYM;GYM;SŠ;GYM;Prešovský;SK041;Bardejov;SK0411;1;súkromná;súkromník;
GYM;GYM;SŠ;GYM;Prešovský;SK041;Bardejov;SK0411;2;štátna;samosprávny kraj ;
GYM;GYM;SŠ;GYM;Prešovský;SK041;Humenné;SK0412;2;cirkevná;cirkev, náboženská spoločnosť;
GYM;GYM;SŠ;GYM;Prešovský;SK041;Humenné;SK0412;1;štátna;samosprávny kraj ;
GYM;GYM;SŠ;GYM;Prešovský;SK041;Kežmarok;SK0413;1;štátna;obec, mesto;
GYM;GYM;SŠ;GYM;Prešovský;SK041;Kežmarok;SK0413;1;štátna;samosprávny kraj ;
GYM;GYM;SŠ;GYM;Prešovský;SK041;Levoča;SK0414;1;cirkevná;cirkev, náboženská spoločnosť;
GYM;GYM;SŠ;GYM;Prešovský;SK041;Levoča;SK0414;1;štátna;samosprávny kraj ;
GYM;GYM;SŠ;GYM;Prešovský;SK041;Medzilaborce;SK0415;1;štátna;samosprávny kraj ;
GYM;GYM;SŠ;GYM;Prešovský;SK041;Poprad;SK0416;1;cirkevná;cirkev, náboženská spoločnosť;
GYM;GYM;SŠ;GYM;Prešovský;SK041;Poprad;SK0416;1;súkromná;súkromník;
GYM;GYM;SŠ;GYM;Prešovský;SK041;Poprad;SK0416;1;štátna;regionálny úrad školskej správy;
GYM;GYM;SŠ;GYM;Prešovský;SK041;Poprad;SK0416;1;štátna;samosprávny kraj ;
GYM;GYM;SŠ;GYM;Prešovský;SK041;Prešov;SK0417;4;cirkevná;cirkev, náboženská spoločnosť;
GYM;GYM;SŠ;GYM;Prešovský;SK041;Prešov;SK0417;1;súkromná;súkromník;
GYM;GYM;SŠ;GYM;Prešovský;SK041;Prešov;SK0417;3;štátna;samosprávny kraj ;
GYM;GYM;SŠ;GYM;Prešovský;SK041;Sabinov;SK0418;1;súkromná;súkromník;
GYM;GYM;SŠ;GYM;Prešovský;SK041;Sabinov;SK0418;1;štátna;samosprávny kraj ;
GYM;GYM;SŠ;GYM;Prešovský;SK041;Snina;SK0419;1;cirkevná;cirkev, náboženská spoločnosť;
GYM;GYM;SŠ;GYM;Prešovský;SK041;Snina;SK0419;1;štátna;samosprávny kraj ;
GYM;GYM;SŠ;GYM;Prešovský;SK041;Stará Ľubovňa;SK041A;1;cirkevná;cirkev, náboženská spoločnosť;
GYM;GYM;SŠ;GYM;Prešovský;SK041;Stará Ľubovňa;SK041A;1;štátna;samosprávny kraj ;
GYM;GYM;SŠ;GYM;Prešovský;SK041;Stropkov;SK041B;1;štátna;samosprávny kraj ;
GYM;GYM;SŠ;GYM;Prešovský;SK041;Svidník;SK041C;1;štátna;obec, mesto;
GYM;GYM;SŠ;GYM;Prešovský;SK041;Svidník;SK041C;1;štátna;samosprávny kraj ;
GYM;GYM;SŠ;GYM;Prešovský;SK041;Vranov nad Topľou;SK041D;1;cirkevná;cirkev, náboženská spoločnosť;
GYM;GYM;SŠ;GYM;Prešovský;SK041;Vranov nad Topľou;SK041D;1;štátna;samosprávny kraj ;
GYM;GYM;SŠ;GYM;Trenčiansky;SK022;Bánovce nad Bebravou;SK0221;1;štátna;samosprávny kraj ;
GYM;GYM;SŠ;GYM;Trenčiansky;SK022;Ilava;SK0222;1;cirkevná;cirkev, náboženská spoločnosť;
GYM;GYM;SŠ;GYM;Trenčiansky;SK022;Ilava;SK0222;1;štátna;samosprávny kraj ;
GYM;GYM;SŠ;GYM;Trenčiansky;SK022;Myjava;SK0223;1;štátna;samosprávny kraj ;
GYM;GYM;SŠ;GYM;Trenčiansky;SK022;Nové Mesto nad Váhom;SK0224;1;cirkevná;cirkev, náboženská spoločnosť;
GYM;GYM;SŠ;GYM;Trenčiansky;SK022;Nové Mesto nad Váhom;SK0224;1;štátna;regionálny úrad školskej správy;
GYM;GYM;SŠ;GYM;Trenčiansky;SK022;Nové Mesto nad Váhom;SK0224;1;štátna;samosprávny kraj ;
GYM;GYM;SŠ;GYM;Trenčiansky;SK022;Partizánske;SK0225;1;štátna;samosprávny kraj ;
GYM;GYM;SŠ;GYM;Trenčiansky;SK022;Považská Bystrica;SK0226;1;štátna;samosprávny kraj ;
GYM;GYM;SŠ;GYM;Trenčiansky;SK022;Prievidza;SK0227;1;cirkevná;cirkev, náboženská spoločnosť;
GYM;GYM;SŠ;GYM;Trenčiansky;SK022;Prievidza;SK0227;1;štátna;samosprávny kraj ;
GYM;GYM;SŠ;GYM;Trenčiansky;SK022;Púchov;SK0228;1;štátna;samosprávny kraj ;
GYM;GYM;SŠ;GYM;Trenčiansky;SK022;Trenčín;SK0229;1;cirkevná;cirkev, náboženská spoločnosť;
GYM;GYM;SŠ;GYM;Trenčiansky;SK022;Trenčín;SK0229;1;súkromná;súkromník;
GYM;GYM;SŠ;GYM;Trenčiansky;SK022;Trenčín;SK0229;1;štátna;samosprávny kraj ;
GYM;GYM;SŠ;GYM;Trnavský;SK021;Dunajská Streda;SK0211;2;súkromná;súkromník;
GYM;GYM;SŠ;GYM;Trnavský;SK021;Dunajská Streda;SK0211;4;štátna;samosprávny kraj ;
GYM;GYM;SŠ;GYM;Trnavský;SK021;Galanta;SK0212;1;súkromná;súkromník;
GYM;GYM;SŠ;GYM;Trnavský;SK021;Galanta;SK0212;3;štátna;samosprávny kraj ;
GYM;GYM;SŠ;GYM;Trnavský;SK021;Hlohovec;SK0213;1;štátna;samosprávny kraj ;
GYM;GYM;SŠ;GYM;Trnavský;SK021;Piešťany;SK0214;1;cirkevná;cirkev, náboženská spoločnosť;
GYM;GYM;SŠ;GYM;Trnavský;SK021;Piešťany;SK0214;2;štátna;samosprávny kraj ;
GYM;GYM;SŠ;GYM;Trnavský;SK021;Senica;SK0215;1;štátna;samosprávny kraj ;
GYM;GYM;SŠ;GYM;Trnavský;SK021;Skalica;SK0216;1;štátna;samosprávny kraj ;
GYM;GYM;SŠ;GYM;Trnavský;SK021;Trnava;SK0217;2;cirkevná;cirkev, náboženská spoločnosť;
GYM;GYM;SŠ;GYM;Trnavský;SK021;Trnava;SK0217;1;súkromná;súkromník;
GYM;GYM;SŠ;GYM;Trnavský;SK021;Trnava;SK0217;2;štátna;samosprávny kraj ;
GYM;GYM;SŠ;GYM;Žilinský;SK031;Bytča;SK0311;1;štátna;samosprávny kraj ;
GYM;GYM;SŠ;GYM;Žilinský;SK031;Čadca;SK0312;1;štátna;obec, mesto;
GYM;GYM;SŠ;GYM;Žilinský;SK031;Čadca;SK0312;1;štátna;regionálny úrad školskej správy;
GYM;GYM;SŠ;GYM;Žilinský;SK031;Dolný Kubín;SK0313;1;cirkevná;cirkev, náboženská spoločnosť;
GYM;GYM;SŠ;GYM;Žilinský;SK031;Dolný Kubín;SK0313;1;štátna;samosprávny kraj ;
GYM;GYM;SŠ;GYM;Žilinský;SK031;Kysucké Nové Mesto;SK0314;1;štátna;samosprávny kraj ;
GYM;GYM;SŠ;GYM;Žilinský;SK031;Liptovský Mikuláš;SK0315;1;cirkevná;cirkev, náboženská spoločnosť;
GYM;GYM;SŠ;GYM;Žilinský;SK031;Liptovský Mikuláš;SK0315;1;štátna;obec, mesto;
GYM;GYM;SŠ;GYM;Žilinský;SK031;Liptovský Mikuláš;SK0315;1;štátna;samosprávny kraj ;
GYM;GYM;SŠ;GYM;Žilinský;SK031;Martin;SK0316;1;cirkevná;cirkev, náboženská spoločnosť;
GYM;GYM;SŠ;GYM;Žilinský;SK031;Martin;SK0316;1;štátna;obec, mesto;
GYM;GYM;SŠ;GYM;Žilinský;SK031;Martin;SK0316;1;štátna;regionálny úrad školskej správy;
GYM;GYM;SŠ;GYM;Žilinský;SK031;Martin;SK0316;2;štátna;samosprávny kraj ;
GYM;GYM;SŠ;GYM;Žilinský;SK031;Námestovo;SK0317;1;štátna;samosprávny kraj ;
GYM;GYM;SŠ;GYM;Žilinský;SK031;Ružomberok;SK0318;1;cirkevná;cirkev, náboženská spoločnosť;
GYM;GYM;SŠ;GYM;Žilinský;SK031;Ružomberok;SK0318;1;súkromná;súkromník;
GYM;GYM;SŠ;GYM;Žilinský;SK031;Ružomberok;SK0318;1;štátna;samosprávny kraj ;
GYM;GYM;SŠ;GYM;Žilinský;SK031;Turčianske Teplice;SK0319;1;štátna;obec, mesto;
GYM;GYM;SŠ;GYM;Žilinský;SK031;Tvrdošín;SK031A;1;štátna;regionálny úrad školskej správy;
GYM;GYM;SŠ;GYM;Žilinský;SK031;Tvrdošín;SK031A;1;štátna;samosprávny kraj ;
GYM;GYM;SŠ;GYM;Žilinský;SK031;Žilina;SK031B;3;cirkevná;cirkev, náboženská spoločnosť;
GYM;GYM;SŠ;GYM;Žilinský;SK031;Žilina;SK031B;1;súkromná;súkromník;
GYM;GYM;SŠ;GYM;Žilinský;SK031;Žilina;SK031B;1;štátna;obec, mesto;
GYM;GYM;SŠ;GYM;Žilinský;SK031;Žilina;SK031B;1;štátna;regionálny úrad školskej správy;
GYM;GYM;SŠ;GYM;Žilinský;SK031;Žilina;SK031B;3;štátna;samosprávny kraj ;
JŠ;JŠ;JŠ;JŠ;Banskobystrický;SK032;Banská Bystrica;SK0321;3;súkromná;súkromník;
JŠ;JŠ;JŠ;JŠ;Banskobystrický;SK032;Banská Bystrica;SK0321;1;štátna;samosprávny kraj ;
JŠ;JŠ;JŠ;JŠ;Banskobystrický;SK032;Detva;SK0324;1;štátna;obec, mesto;
JŠ;JŠ;JŠ;JŠ;Banskobystrický;SK032;Lučenec;SK0326;1;štátna;samosprávny kraj ;
JŠ;JŠ;JŠ;JŠ;Banskobystrický;SK032;Revúca;SK0328;1;štátna;samosprávny kraj ;
JŠ;JŠ;JŠ;JŠ;Banskobystrický;SK032;Rimavská Sobota;SK0329;1;súkromná;súkromník;
JŠ;JŠ;JŠ;JŠ;Banskobystrický;SK032;Rimavská Sobota;SK0329;1;štátna;samosprávny kraj ;
JŠ;JŠ;JŠ;JŠ;Banskobystrický;SK032;Veľký Krtíš;SK032A;1;štátna;samosprávny kraj ;
JŠ;JŠ;JŠ;JŠ;Bratislavský;SK010;Bratislava I;SK0101;2;súkromná;súkromník;
JŠ;JŠ;JŠ;JŠ;Bratislavský;SK010;Bratislava I;SK0101;2;štátna;samosprávny kraj ;
JŠ;JŠ;JŠ;JŠ;Bratislavský;SK010;Bratislava III;SK0103;1;súkromná;súkromník;
JŠ;JŠ;JŠ;JŠ;Bratislavský;SK010;Bratislava V;SK0105;2;súkromná;súkromník;
JŠ;JŠ;JŠ;JŠ;Košický;SK042;Košice - okolie;SK0426;1;štátna;samosprávny kraj ;
JŠ;JŠ;JŠ;JŠ;Košický;SK042;Košice I;SK0422;1;cirkevná;cirkev, náboženská spoločnosť;
JŠ;JŠ;JŠ;JŠ;Košický;SK042;Košice I;SK0422;1;súkromná;súkromník;
JŠ;JŠ;JŠ;JŠ;Košický;SK042;Košice I;SK0422;3;štátna;obec, mesto;
JŠ;JŠ;JŠ;JŠ;Košický;SK042;Košice I;SK0422;1;štátna;samosprávny kraj ;
JŠ;JŠ;JŠ;JŠ;Košický;SK042;Košice IV;SK0425;2;štátna;obec, mesto;
JŠ;JŠ;JŠ;JŠ;Košický;SK042;Michalovce;SK0427;1;štátna;samosprávny kraj ;
JŠ;JŠ;JŠ;JŠ;Košický;SK042;Spišská Nová Ves;SK042A;1;štátna;samosprávny kraj ;
JŠ;JŠ;JŠ;JŠ;Nitriansky;SK023;Nitra;SK0233;2;súkromná;súkromník;
JŠ;JŠ;JŠ;JŠ;Nitriansky;SK023;Nitra;SK0233;2;štátna;samosprávny kraj ;
JŠ;JŠ;JŠ;JŠ;Prešovský;SK041;Bardejov;SK0411;1;súkromná;súkromník;
JŠ;JŠ;JŠ;JŠ;Prešovský;SK041;Poprad;SK0416;1;štátna;samosprávny kraj ;
JŠ;JŠ;JŠ;JŠ;Prešovský;SK041;Prešov;SK0417;1;štátna;samosprávny kraj ;
JŠ;JŠ;JŠ;JŠ;Trenčiansky;SK022;Trenčín;SK0229;1;štátna;samosprávny kraj ;
JŠ;JŠ;JŠ;JŠ;Trnavský;SK021;Dunajská Streda;SK0211;1;štátna;samosprávny kraj ;
JŠ;JŠ;JŠ;JŠ;Trnavský;SK021;Skalica;SK0216;2;súkromná;súkromník;
JŠ;JŠ;JŠ;JŠ;Trnavský;SK021;Trnava;SK0217;3;štátna;samosprávny kraj ;
JŠ;JŠ;JŠ;JŠ;Žilinský;SK031;Liptovský Mikuláš;SK0315;1;štátna;samosprávny kraj ;
JŠ;JŠ;JŠ;JŠ;Žilinský;SK031;Martin;SK0316;1;súkromná;súkromník;
JŠ;JŠ;JŠ;JŠ;Žilinský;SK031;Martin;SK0316;1;štátna;obec, mesto;
JŠ;JŠ;JŠ;JŠ;Žilinský;SK031;Námestovo;SK0317;1;štátna;samosprávny kraj ;
JŠ;JŠ;JŠ;JŠ;Žilinský;SK031;Ružomberok;SK0318;1;súkromná;súkromník;
JŠ;JŠ;JŠ;JŠ;Žilinský;SK031;Žilina;SK031B;1;štátna;samosprávny kraj ;
KON;KON;SŠ;KON;Banskobystrický;SK032;Banská Bystrica;SK0321;1;štátna;samosprávny kraj ;
KON;KON;SŠ;KON;Banskobystrický;SK032;Rimavská Sobota;SK0329;1;súkromná;súkromník;
KON;KON;SŠ;KON;Banskobystrický;SK032;Zvolen;SK032B;1;súkromná;súkromník;
KON;KON;SŠ;KON;Bratislavský;SK010;Bratislava I;SK0101;2;štátna;samosprávny kraj ;
KON;KON;SŠ;KON;Bratislavský;SK010;Bratislava IV;SK0104;1;súkromná;súkromník;
KON;KON;SŠ;KON;Bratislavský;SK010;Bratislava V;SK0105;1;cirkevná;cirkev, náboženská spoločnosť;
KON;KON;SŠ;KON;Košický;SK042;Košice I;SK0422;1;súkromná;súkromník;
KON;KON;SŠ;KON;Košický;SK042;Košice I;SK0422;1;štátna;samosprávny kraj ;
KON;KON;SŠ;KON;Košický;SK042;Košice III;SK0424;1;štátna;samosprávny kraj ;
KON;KON;SŠ;KON;Košický;SK042;Košice IV;SK0425;1;súkromná;súkromník;
KON;KON;SŠ;KON;Nitriansky;SK023;Nitra;SK0233;1;súkromná;súkromník;
KON;KON;SŠ;KON;Nitriansky;SK023;Topoľčany;SK0236;1;súkromná;súkromník;
KON;KON;SŠ;KON;Prešovský;SK041;Prešov;SK0417;1;súkromná;súkromník;
KON;KON;SŠ;KON;Trnavský;SK021;Trnava;SK0217;1;súkromná;súkromník;
KON;KON;SŠ;KON;Žilinský;SK031;Liptovský Mikuláš;SK0315;1;súkromná;súkromník;
KON;KON;SŠ;KON;Žilinský;SK031;Martin;SK0316;1;súkromná;súkromník;
KON;KON;SŠ;KON;Žilinský;SK031;Žilina;SK031B;1;štátna;samosprávny kraj ;
MŠ;MŠ;MŠ;MŠ;Banskobystrický;SK032;Banská Bystrica;SK0321;1;cirkevná;cirkev, náboženská spoločnosť;
MŠ;MŠ;MŠ;MŠ;Banskobystrický;SK032;Banská Bystrica;SK0321;9;súkromná;súkromník;
MŠ;MŠ;MŠ;MŠ;Banskobystrický;SK032;Banská Bystrica;SK0321;52;štátna;obec, mesto;
MŠ;MŠ;MŠ;MŠ;Banskobystrický;SK032;Banská Štiavnica;SK0322;1;cirkevná;cirkev, náboženská spoločnosť;
MŠ;MŠ;MŠ;MŠ;Banskobystrický;SK032;Banská Štiavnica;SK0322;2;súkromná;súkromník;
MŠ;MŠ;MŠ;MŠ;Banskobystrický;SK032;Banská Štiavnica;SK0322;9;štátna;obec, mesto;
MŠ;MŠ;MŠ;MŠ;Banskobystrický;SK032;Brezno;SK0323;1;súkromná;zahraničný subjekt;
MŠ;MŠ;MŠ;MŠ;Banskobystrický;SK032;Brezno;SK0323;32;štátna;obec, mesto;
MŠ;MŠ;MŠ;MŠ;Banskobystrický;SK032;Detva;SK0324;20;štátna;obec, mesto;
MŠ;MŠ;MŠ;MŠ;Banskobystrický;SK032;Krupina;SK0325;1;súkromná;súkromník;
MŠ;MŠ;MŠ;MŠ;Banskobystrický;SK032;Krupina;SK0325;13;štátna;obec, mesto;
MŠ;MŠ;MŠ;MŠ;Banskobystrický;SK032;Lučenec;SK0326;1;súkromná;súkromník;
MŠ;MŠ;MŠ;MŠ;Banskobystrický;SK032;Lučenec;SK0326;37;štátna;obec, mesto;
MŠ;MŠ;MŠ;MŠ;Banskobystrický;SK032;Poltár;SK0327;11;štátna;obec, mesto;
MŠ;MŠ;MŠ;MŠ;Banskobystrický;SK032;Revúca;SK0328;2;cirkevná;cirkev, náboženská spoločnosť;
MŠ;MŠ;MŠ;MŠ;Banskobystrický;SK032;Revúca;SK0328;22;štátna;obec, mesto;
MŠ;MŠ;MŠ;MŠ;Banskobystrický;SK032;Rimavská Sobota;SK0329;3;cirkevná;cirkev, náboženská spoločnosť;
MŠ;MŠ;MŠ;MŠ;Banskobystrický;SK032;Rimavská Sobota;SK0329;57;štátna;obec, mesto;
MŠ;MŠ;MŠ;MŠ;Banskobystrický;SK032;Veľký Krtíš;SK032A;38;štátna;obec, mesto;
MŠ;MŠ;MŠ;MŠ;Banskobystrický;SK032;Zvolen;SK032B;8;súkromná;súkromník;
MŠ;MŠ;MŠ;MŠ;Banskobystrický;SK032;Zvolen;SK032B;26;štátna;obec, mesto;
MŠ;MŠ;MŠ;MŠ;Banskobystrický;SK032;Žarnovica;SK032C;15;štátna;obec, mesto;
MŠ;MŠ;MŠ;MŠ;Banskobystrický;SK032;Žiar nad Hronom;SK032D;1;cirkevná;cirkev, náboženská spoločnosť;
MŠ;MŠ;MŠ;MŠ;Banskobystrický;SK032;Žiar nad Hronom;SK032D;1;súkromná;súkromník;
MŠ;MŠ;MŠ;MŠ;Banskobystrický;SK032;Žiar nad Hronom;SK032D;26;štátna;obec, mesto;
MŠ;MŠ;MŠ;MŠ;Bratislavský;SK010;Bratislava I;SK0101;1;cirkevná;cirkev, náboženská spoločnosť;
MŠ;MŠ;MŠ;MŠ;Bratislavský;SK010;Bratislava I;SK0101;18;súkromná;súkromník;
MŠ;MŠ;MŠ;MŠ;Bratislavský;SK010;Bratislava I;SK0101;19;štátna;obec, mesto;
MŠ;MŠ;MŠ;MŠ;Bratislavský;SK010;Bratislava II;SK0102;2;cirkevná;cirkev, náboženská spoločnosť;
MŠ;MŠ;MŠ;MŠ;Bratislavský;SK010;Bratislava II;SK0102;15;súkromná;súkromník;
MŠ;MŠ;MŠ;MŠ;Bratislavský;SK010;Bratislava II;SK0102;20;štátna;obec, mesto;
MŠ;MŠ;MŠ;MŠ;Bratislavský;SK010;Bratislava III;SK0103;1;cirkevná;cirkev, náboženská spoločnosť;
MŠ;MŠ;MŠ;MŠ;Bratislavský;SK010;Bratislava III;SK0103;10;súkromná;súkromník;
MŠ;MŠ;MŠ;MŠ;Bratislavský;SK010;Bratislava III;SK0103;1;štátna;iný orgán štátnej správy;
MŠ;MŠ;MŠ;MŠ;Bratislavský;SK010;Bratislava III;SK0103;25;štátna;obec, mesto;
MŠ;MŠ;MŠ;MŠ;Bratislavský;SK010;Bratislava IV;SK0104;3;cirkevná;cirkev, náboženská spoločnosť;
MŠ;MŠ;MŠ;MŠ;Bratislavský;SK010;Bratislava IV;SK0104;14;súkromná;súkromník;
MŠ;MŠ;MŠ;MŠ;Bratislavský;SK010;Bratislava IV;SK0104;26;štátna;obec, mesto;
MŠ;MŠ;MŠ;MŠ;Bratislavský;SK010;Bratislava V;SK0105;4;cirkevná;cirkev, náboženská spoločnosť;
MŠ;MŠ;MŠ;MŠ;Bratislavský;SK010;Bratislava V;SK0105;17;súkromná;súkromník;
MŠ;MŠ;MŠ;MŠ;Bratislavský;SK010;Bratislava V;SK0105;31;štátna;obec, mesto;
MŠ;MŠ;MŠ;MŠ;Bratislavský;SK010;Malacky;SK0106;1;cirkevná;cirkev, náboženská spoločnosť;
MŠ;MŠ;MŠ;MŠ;Bratislavský;SK010;Malacky;SK0106;4;súkromná;súkromník;
MŠ;MŠ;MŠ;MŠ;Bratislavský;SK010;Malacky;SK0106;29;štátna;obec, mesto;
MŠ;MŠ;MŠ;MŠ;Bratislavský;SK010;Pezinok;SK0107;2;cirkevná;cirkev, náboženská spoločnosť;
MŠ;MŠ;MŠ;MŠ;Bratislavský;SK010;Pezinok;SK0107;9;súkromná;súkromník;
MŠ;MŠ;MŠ;MŠ;Bratislavský;SK010;Pezinok;SK0107;31;štátna;obec, mesto;
MŠ;MŠ;MŠ;MŠ;Bratislavský;SK010;Senec;SK0108;2;cirkevná;cirkev, náboženská spoločnosť;
MŠ;MŠ;MŠ;MŠ;Bratislavský;SK010;Senec;SK0108;23;súkromná;súkromník;
MŠ;MŠ;MŠ;MŠ;Bratislavský;SK010;Senec;SK0108;42;štátna;obec, mesto;
MŠ;MŠ;MŠ;MŠ;Košický;SK042;Gelnica;SK0421;19;štátna;obec, mesto;
MŠ;MŠ;MŠ;MŠ;Košický;SK042;Košice - okolie;SK0426;1;cirkevná;cirkev, náboženská spoločnosť;
MŠ;MŠ;MŠ;MŠ;Košický;SK042;Košice - okolie;SK0426;2;súkromná;súkromník;
MŠ;MŠ;MŠ;MŠ;Košický;SK042;Košice - okolie;SK0426;89;štátna;obec, mesto;
MŠ;MŠ;MŠ;MŠ;Košický;SK042;Košice I;SK0422;3;cirkevná;cirkev, náboženská spoločnosť;
MŠ;MŠ;MŠ;MŠ;Košický;SK042;Košice I;SK0422;14;súkromná;súkromník;
MŠ;MŠ;MŠ;MŠ;Košický;SK042;Košice I;SK0422;21;štátna;obec, mesto;
MŠ;MŠ;MŠ;MŠ;Košický;SK042;Košice II;SK0423;2;cirkevná;cirkev, náboženská spoločnosť;
MŠ;MŠ;MŠ;MŠ;Košický;SK042;Košice II;SK0423;5;súkromná;súkromník;
MŠ;MŠ;MŠ;MŠ;Košický;SK042;Košice II;SK0423;20;štátna;obec, mesto;
MŠ;MŠ;MŠ;MŠ;Košický;SK042;Košice III;SK0424;2;cirkevná;cirkev, náboženská spoločnosť;
MŠ;MŠ;MŠ;MŠ;Košický;SK042;Košice III;SK0424;4;súkromná;súkromník;
MŠ;MŠ;MŠ;MŠ;Košický;SK042;Košice III;SK0424;7;štátna;obec, mesto;
MŠ;MŠ;MŠ;MŠ;Košický;SK042;Košice III;SK0424;1;štátna;samosprávny kraj ;
MŠ;MŠ;MŠ;MŠ;Košický;SK042;Košice IV;SK0425;1;cirkevná;cirkev, náboženská spoločnosť;
MŠ;MŠ;MŠ;MŠ;Košický;SK042;Košice IV;SK0425;6;súkromná;súkromník;
MŠ;MŠ;MŠ;MŠ;Košický;SK042;Košice IV;SK0425;15;štátna;obec, mesto;
MŠ;MŠ;MŠ;MŠ;Košický;SK042;Michalovce;SK0427;4;cirkevná;cirkev, náboženská spoločnosť;
MŠ;MŠ;MŠ;MŠ;Košický;SK042;Michalovce;SK0427;2;súkromná;súkromník;
MŠ;MŠ;MŠ;MŠ;Košický;SK042;Michalovce;SK0427;67;štátna;obec, mesto;
MŠ;MŠ;MŠ;MŠ;Košický;SK042;Rožňava;SK0428;3;cirkevná;cirkev, náboženská spoločnosť;
MŠ;MŠ;MŠ;MŠ;Košický;SK042;Rožňava;SK0428;51;štátna;obec, mesto;
MŠ;MŠ;MŠ;MŠ;Košický;SK042;Sobrance;SK0429;1;súkromná;súkromník;
MŠ;MŠ;MŠ;MŠ;Košický;SK042;Sobrance;SK0429;18;štátna;obec, mesto;
MŠ;MŠ;MŠ;MŠ;Košický;SK042;Spišská Nová Ves;SK042A;3;cirkevná;cirkev, náboženská spoločnosť;
MŠ;MŠ;MŠ;MŠ;Košický;SK042;Spišská Nová Ves;SK042A;3;súkromná;súkromník;
MŠ;MŠ;MŠ;MŠ;Košický;SK042;Spišská Nová Ves;SK042A;54;štátna;obec, mesto;
MŠ;MŠ;MŠ;MŠ;Košický;SK042;Trebišov;SK042B;3;cirkevná;cirkev, náboženská spoločnosť;
MŠ;MŠ;MŠ;MŠ;Košický;SK042;Trebišov;SK042B;1;súkromná;súkromník;
MŠ;MŠ;MŠ;MŠ;Košický;SK042;Trebišov;SK042B;66;štátna;obec, mesto;
MŠ;MŠ;MŠ;MŠ;Nitriansky;SK023;Komárno;SK0231;5;cirkevná;cirkev, náboženská spoločnosť;
MŠ;MŠ;MŠ;MŠ;Nitriansky;SK023;Komárno;SK0231;1;súkromná;súkromník;
MŠ;MŠ;MŠ;MŠ;Nitriansky;SK023;Komárno;SK0231;55;štátna;obec, mesto;
MŠ;MŠ;MŠ;MŠ;Nitriansky;SK023;Levice;SK0232;4;cirkevná;cirkev, náboženská spoločnosť;
MŠ;MŠ;MŠ;MŠ;Nitriansky;SK023;Levice;SK0232;1;súkromná;súkromník;
MŠ;MŠ;MŠ;MŠ;Nitriansky;SK023;Levice;SK0232;76;štátna;obec, mesto;
MŠ;MŠ;MŠ;MŠ;Nitriansky;SK023;Nitra;SK0233;2;cirkevná;cirkev, náboženská spoločnosť;
MŠ;MŠ;MŠ;MŠ;Nitriansky;SK023;Nitra;SK0233;6;súkromná;súkromník;
MŠ;MŠ;MŠ;MŠ;Nitriansky;SK023;Nitra;SK0233;86;štátna;obec, mesto;
MŠ;MŠ;MŠ;MŠ;Nitriansky;SK023;Nové Zámky;SK0234;3;cirkevná;cirkev, náboženská spoločnosť;
MŠ;MŠ;MŠ;MŠ;Nitriansky;SK023;Nové Zámky;SK0234;1;súkromná;súkromník;
MŠ;MŠ;MŠ;MŠ;Nitriansky;SK023;Nové Zámky;SK0234;69;štátna;obec, mesto;
MŠ;MŠ;MŠ;MŠ;Nitriansky;SK023;Šaľa;SK0235;1;cirkevná;cirkev, náboženská spoločnosť;
MŠ;MŠ;MŠ;MŠ;Nitriansky;SK023;Šaľa;SK0235;1;súkromná;súkromník;
MŠ;MŠ;MŠ;MŠ;Nitriansky;SK023;Šaľa;SK0235;26;štátna;obec, mesto;
MŠ;MŠ;MŠ;MŠ;Nitriansky;SK023;Topoľčany;SK0236;42;štátna;obec, mesto;
MŠ;MŠ;MŠ;MŠ;Nitriansky;SK023;Zlaté Moravce;SK0237;1;cirkevná;cirkev, náboženská spoločnosť;
MŠ;MŠ;MŠ;MŠ;Nitriansky;SK023;Zlaté Moravce;SK0237;3;súkromná;súkromník;
MŠ;MŠ;MŠ;MŠ;Nitriansky;SK023;Zlaté Moravce;SK0237;38;štátna;obec, mesto;
MŠ;MŠ;MŠ;MŠ;Prešovský;SK041;Bardejov;SK0411;3;cirkevná;cirkev, náboženská spoločnosť;
MŠ;MŠ;MŠ;MŠ;Prešovský;SK041;Bardejov;SK0411;67;štátna;obec, mesto;
MŠ;MŠ;MŠ;MŠ;Prešovský;SK041;Humenné;SK0412;1;cirkevná;cirkev, náboženská spoločnosť;
MŠ;MŠ;MŠ;MŠ;Prešovský;SK041;Humenné;SK0412;3;súkromná;súkromník;
MŠ;MŠ;MŠ;MŠ;Prešovský;SK041;Humenné;SK0412;45;štátna;obec, mesto;
MŠ;MŠ;MŠ;MŠ;Prešovský;SK041;Kežmarok;SK0413;1;cirkevná;cirkev, náboženská spoločnosť;
MŠ;MŠ;MŠ;MŠ;Prešovský;SK041;Kežmarok;SK0413;1;súkromná;súkromník;
MŠ;MŠ;MŠ;MŠ;Prešovský;SK041;Kežmarok;SK0413;36;štátna;obec, mesto;
MŠ;MŠ;MŠ;MŠ;Prešovský;SK041;Levoča;SK0414;1;cirkevná;cirkev, náboženská spoločnosť;
MŠ;MŠ;MŠ;MŠ;Prešovský;SK041;Levoča;SK0414;23;štátna;obec, mesto;
MŠ;MŠ;MŠ;MŠ;Prešovský;SK041;Medzilaborce;SK0415;7;štátna;obec, mesto;
MŠ;MŠ;MŠ;MŠ;Prešovský;SK041;Poprad;SK0416;2;cirkevná;cirkev, náboženská spoločnosť;
MŠ;MŠ;MŠ;MŠ;Prešovský;SK041;Poprad;SK0416;6;súkromná;súkromník;
MŠ;MŠ;MŠ;MŠ;Prešovský;SK041;Poprad;SK0416;43;štátna;obec, mesto;
MŠ;MŠ;MŠ;MŠ;Prešovský;SK041;Prešov;SK0417;6;cirkevná;cirkev, náboženská spoločnosť;
MŠ;MŠ;MŠ;MŠ;Prešovský;SK041;Prešov;SK0417;13;súkromná;súkromník;
MŠ;MŠ;MŠ;MŠ;Prešovský;SK041;Prešov;SK0417;96;štátna;obec, mesto;
MŠ;MŠ;MŠ;MŠ;Prešovský;SK041;Sabinov;SK0418;1;cirkevná;cirkev, náboženská spoločnosť;
MŠ;MŠ;MŠ;MŠ;Prešovský;SK041;Sabinov;SK0418;3;súkromná;súkromník;
MŠ;MŠ;MŠ;MŠ;Prešovský;SK041;Sabinov;SK0418;41;štátna;obec, mesto;
MŠ;MŠ;MŠ;MŠ;Prešovský;SK041;Snina;SK0419;2;cirkevná;cirkev, náboženská spoločnosť;
MŠ;MŠ;MŠ;MŠ;Prešovský;SK041;Snina;SK0419;2;súkromná;súkromník;
MŠ;MŠ;MŠ;MŠ;Prešovský;SK041;Snina;SK0419;15;štátna;obec, mesto;
MŠ;MŠ;MŠ;MŠ;Prešovský;SK041;Stará Ľubovňa;SK041A;3;cirkevná;cirkev, náboženská spoločnosť;
MŠ;MŠ;MŠ;MŠ;Prešovský;SK041;Stará Ľubovňa;SK041A;32;štátna;obec, mesto;
MŠ;MŠ;MŠ;MŠ;Prešovský;SK041;Stropkov;SK041B;16;štátna;obec, mesto;
MŠ;MŠ;MŠ;MŠ;Prešovský;SK041;Svidník;SK041C;23;štátna;obec, mesto;
MŠ;MŠ;MŠ;MŠ;Prešovský;SK041;Vranov nad Topľou;SK041D;1;cirkevná;cirkev, náboženská spoločnosť;
MŠ;MŠ;MŠ;MŠ;Prešovský;SK041;Vranov nad Topľou;SK041D;1;súkromná;súkromník;
MŠ;MŠ;MŠ;MŠ;Prešovský;SK041;Vranov nad Topľou;SK041D;58;štátna;obec, mesto;
MŠ;MŠ;MŠ;MŠ;Trenčiansky;SK022;Bánovce nad Bebravou;SK0221;3;súkromná;súkromník;
MŠ;MŠ;MŠ;MŠ;Trenčiansky;SK022;Bánovce nad Bebravou;SK0221;25;štátna;obec, mesto;
MŠ;MŠ;MŠ;MŠ;Trenčiansky;SK022;Ilava;SK0222;2;cirkevná;cirkev, náboženská spoločnosť;
MŠ;MŠ;MŠ;MŠ;Trenčiansky;SK022;Ilava;SK0222;18;štátna;obec, mesto;
MŠ;MŠ;MŠ;MŠ;Trenčiansky;SK022;Myjava;SK0223;16;štátna;obec, mesto;
MŠ;MŠ;MŠ;MŠ;Trenčiansky;SK022;Nové Mesto nad Váhom;SK0224;1;cirkevná;cirkev, náboženská spoločnosť;
MŠ;MŠ;MŠ;MŠ;Trenčiansky;SK022;Nové Mesto nad Váhom;SK0224;2;súkromná;súkromník;
MŠ;MŠ;MŠ;MŠ;Trenčiansky;SK022;Nové Mesto nad Váhom;SK0224;28;štátna;obec, mesto;
MŠ;MŠ;MŠ;MŠ;Trenčiansky;SK022;Partizánske;SK0225;1;cirkevná;cirkev, náboženská spoločnosť;
MŠ;MŠ;MŠ;MŠ;Trenčiansky;SK022;Partizánske;SK0225;1;súkromná;súkromník;
MŠ;MŠ;MŠ;MŠ;Trenčiansky;SK022;Partizánske;SK0225;26;štátna;obec, mesto;
MŠ;MŠ;MŠ;MŠ;Trenčiansky;SK022;Považská Bystrica;SK0226;1;cirkevná;cirkev, náboženská spoločnosť;
MŠ;MŠ;MŠ;MŠ;Trenčiansky;SK022;Považská Bystrica;SK0226;30;štátna;obec, mesto;
MŠ;MŠ;MŠ;MŠ;Trenčiansky;SK022;Prievidza;SK0227;1;cirkevná;cirkev, náboženská spoločnosť;
MŠ;MŠ;MŠ;MŠ;Trenčiansky;SK022;Prievidza;SK0227;3;súkromná;súkromník;
MŠ;MŠ;MŠ;MŠ;Trenčiansky;SK022;Prievidza;SK0227;57;štátna;obec, mesto;
MŠ;MŠ;MŠ;MŠ;Trenčiansky;SK022;Púchov;SK0228;1;cirkevná;cirkev, náboženská spoločnosť;
MŠ;MŠ;MŠ;MŠ;Trenčiansky;SK022;Púchov;SK0228;24;štátna;obec, mesto;
MŠ;MŠ;MŠ;MŠ;Trenčiansky;SK022;Trenčín;SK0229;4;cirkevná;cirkev, náboženská spoločnosť;
MŠ;MŠ;MŠ;MŠ;Trenčiansky;SK022;Trenčín;SK0229;12;súkromná;súkromník;
MŠ;MŠ;MŠ;MŠ;Trenčiansky;SK022;Trenčín;SK0229;47;štátna;obec, mesto;
MŠ;MŠ;MŠ;MŠ;Trnavský;SK021;Dunajská Streda;SK0211;4;cirkevná;cirkev, náboženská spoločnosť;
MŠ;MŠ;MŠ;MŠ;Trnavský;SK021;Dunajská Streda;SK0211;4;súkromná;súkromník;
MŠ;MŠ;MŠ;MŠ;Trnavský;SK021;Dunajská Streda;SK0211;82;štátna;obec, mesto;
MŠ;MŠ;MŠ;MŠ;Trnavský;SK021;Galanta;SK0212;46;štátna;obec, mesto;
MŠ;MŠ;MŠ;MŠ;Trnavský;SK021;Hlohovec;SK0213;1;cirkevná;cirkev, náboženská spoločnosť;
MŠ;MŠ;MŠ;MŠ;Trnavský;SK021;Hlohovec;SK0213;27;štátna;obec, mesto;
MŠ;MŠ;MŠ;MŠ;Trnavský;SK021;Piešťany;SK0214;1;cirkevná;cirkev, náboženská spoločnosť;
MŠ;MŠ;MŠ;MŠ;Trnavský;SK021;Piešťany;SK0214;1;súkromná;súkromník;
MŠ;MŠ;MŠ;MŠ;Trnavský;SK021;Piešťany;SK0214;31;štátna;obec, mesto;
MŠ;MŠ;MŠ;MŠ;Trnavský;SK021;Senica;SK0215;1;súkromná;súkromník;
MŠ;MŠ;MŠ;MŠ;Trnavský;SK021;Senica;SK0215;29;štátna;obec, mesto;* počet zvýšený o 1 ručne z dôvodu dodatočnej opravy stavu školy
MŠ;MŠ;MŠ;MŠ;Trnavský;SK021;Skalica;SK0216;1;cirkevná;cirkev, náboženská spoločnosť;
MŠ;MŠ;MŠ;MŠ;Trnavský;SK021;Skalica;SK0216;1;súkromná;súkromník;
MŠ;MŠ;MŠ;MŠ;Trnavský;SK021;Skalica;SK0216;19;štátna;obec, mesto;
MŠ;MŠ;MŠ;MŠ;Trnavský;SK021;Trnava;SK0217;3;cirkevná;cirkev, náboženská spoločnosť;
MŠ;MŠ;MŠ;MŠ;Trnavský;SK021;Trnava;SK0217;11;súkromná;súkromník;
MŠ;MŠ;MŠ;MŠ;Trnavský;SK021;Trnava;SK0217;67;štátna;obec, mesto;
MŠ;MŠ;MŠ;MŠ;Žilinský;SK031;Bytča;SK0311;1;súkromná;súkromník;
MŠ;MŠ;MŠ;MŠ;Žilinský;SK031;Bytča;SK0311;19;štátna;obec, mesto;
MŠ;MŠ;MŠ;MŠ;Žilinský;SK031;Čadca;SK0312;36;štátna;obec, mesto;
MŠ;MŠ;MŠ;MŠ;Žilinský;SK031;Dolný Kubín;SK0313;1;cirkevná;cirkev, náboženská spoločnosť;
MŠ;MŠ;MŠ;MŠ;Žilinský;SK031;Dolný Kubín;SK0313;3;súkromná;súkromník;
MŠ;MŠ;MŠ;MŠ;Žilinský;SK031;Dolný Kubín;SK0313;25;štátna;obec, mesto;
MŠ;MŠ;MŠ;MŠ;Žilinský;SK031;Kysucké Nové Mesto;SK0314;1;súkromná;súkromník;
MŠ;MŠ;MŠ;MŠ;Žilinský;SK031;Kysucké Nové Mesto;SK0314;15;štátna;obec, mesto;
MŠ;MŠ;MŠ;MŠ;Žilinský;SK031;Liptovský Mikuláš;SK0315;2;cirkevná;cirkev, náboženská spoločnosť;
MŠ;MŠ;MŠ;MŠ;Žilinský;SK031;Liptovský Mikuláš;SK0315;2;súkromná;súkromník;
MŠ;MŠ;MŠ;MŠ;Žilinský;SK031;Liptovský Mikuláš;SK0315;42;štátna;obec, mesto;
MŠ;MŠ;MŠ;MŠ;Žilinský;SK031;Martin;SK0316;2;cirkevná;cirkev, náboženská spoločnosť;
MŠ;MŠ;MŠ;MŠ;Žilinský;SK031;Martin;SK0316;8;súkromná;súkromník;
MŠ;MŠ;MŠ;MŠ;Žilinský;SK031;Martin;SK0316;39;štátna;obec, mesto;
MŠ;MŠ;MŠ;MŠ;Žilinský;SK031;Námestovo;SK0317;3;súkromná;súkromník;
MŠ;MŠ;MŠ;MŠ;Žilinský;SK031;Námestovo;SK0317;33;štátna;obec, mesto;
MŠ;MŠ;MŠ;MŠ;Žilinský;SK031;Ružomberok;SK0318;2;cirkevná;cirkev, náboženská spoločnosť;
MŠ;MŠ;MŠ;MŠ;Žilinský;SK031;Ružomberok;SK0318;5;súkromná;súkromník;
MŠ;MŠ;MŠ;MŠ;Žilinský;SK031;Ružomberok;SK0318;31;štátna;obec, mesto;
MŠ;MŠ;MŠ;MŠ;Žilinský;SK031;Turčianske Teplice;SK0319;13;štátna;obec, mesto;
MŠ;MŠ;MŠ;MŠ;Žilinský;SK031;Tvrdošín;SK031A;2;cirkevná;cirkev, náboženská spoločnosť;
MŠ;MŠ;MŠ;MŠ;Žilinský;SK031;Tvrdošín;SK031A;1;súkromná;súkromník;
MŠ;MŠ;MŠ;MŠ;Žilinský;SK031;Tvrdošín;SK031A;17;štátna;obec, mesto;
MŠ;MŠ;MŠ;MŠ;Žilinský;SK031;Žilina;SK031B;4;cirkevná;cirkev, náboženská spoločnosť;
MŠ;MŠ;MŠ;MŠ;Žilinský;SK031;Žilina;SK031B;4;súkromná;súkromník;
MŠ;MŠ;MŠ;MŠ;Žilinský;SK031;Žilina;SK031B;78;štátna;obec, mesto;
ŠVVP;OU;SŠ;ŠSŠ;Banskobystrický;SK032;Banská Bystrica;SK0321;1;štátna;regionálny úrad školskej správy;
ŠVVP;OU;SŠ;ŠSŠ;Banskobystrický;SK032;Brezno;SK0323;1;štátna;regionálny úrad školskej správy;
ŠVVP;OU;SŠ;ŠSŠ;Banskobystrický;SK032;Lučenec;SK0326;1;štátna;regionálny úrad školskej správy;
ŠVVP;OU;SŠ;ŠSŠ;Banskobystrický;SK032;Revúca;SK0328;2;štátna;regionálny úrad školskej správy;
ŠVVP;OU;SŠ;ŠSŠ;Banskobystrický;SK032;Veľký Krtíš;SK032A;1;štátna;regionálny úrad školskej správy;
ŠVVP;OU;SŠ;ŠSŠ;Banskobystrický;SK032;Žarnovica;SK032C;1;štátna;regionálny úrad školskej správy;
ŠVVP;OU;SŠ;ŠSŠ;Banskobystrický;SK032;Žiar nad Hronom;SK032D;1;štátna;regionálny úrad školskej správy;
ŠVVP;OU;SŠ;ŠSŠ;Bratislavský;SK010;Bratislava II;SK0102;1;štátna;regionálny úrad školskej správy;
ŠVVP;OU;SŠ;ŠSŠ;Bratislavský;SK010;Bratislava IV;SK0104;1;štátna;regionálny úrad školskej správy;
ŠVVP;OU;SŠ;ŠSŠ;Bratislavský;SK010;Bratislava V;SK0105;1;štátna;regionálny úrad školskej správy;
ŠVVP;OU;SŠ;ŠSŠ;Bratislavský;SK010;Malacky;SK0106;2;štátna;regionálny úrad školskej správy;
ŠVVP;OU;SŠ;ŠSŠ;Košický;SK042;Gelnica;SK0421;1;štátna;regionálny úrad školskej správy;
ŠVVP;OU;SŠ;ŠSŠ;Košický;SK042;Košice I;SK0422;1;štátna;regionálny úrad školskej správy;
ŠVVP;OU;SŠ;ŠSŠ;Košický;SK042;Košice IV;SK0425;1;štátna;regionálny úrad školskej správy;
ŠVVP;OU;SŠ;ŠSŠ;Košický;SK042;Michalovce;SK0427;2;štátna;regionálny úrad školskej správy;
ŠVVP;OU;SŠ;ŠSŠ;Košický;SK042;Rožňava;SK0428;2;štátna;regionálny úrad školskej správy;
ŠVVP;OU;SŠ;ŠSŠ;Košický;SK042;Spišská Nová Ves;SK042A;1;súkromná;súkromník;
ŠVVP;OU;SŠ;ŠSŠ;Košický;SK042;Spišská Nová Ves;SK042A;2;štátna;regionálny úrad školskej správy;
ŠVVP;OU;SŠ;ŠSŠ;Košický;SK042;Trebišov;SK042B;1;štátna;regionálny úrad školskej správy;
ŠVVP;OU;SŠ;ŠSŠ;Nitriansky;SK023;Levice;SK0232;1;štátna;regionálny úrad školskej správy;
ŠVVP;OU;SŠ;ŠSŠ;Nitriansky;SK023;Nitra;SK0233;2;štátna;regionálny úrad školskej správy;
ŠVVP;OU;SŠ;ŠSŠ;Prešovský;SK041;Bardejov;SK0411;1;štátna;regionálny úrad školskej správy;
ŠVVP;OU;SŠ;ŠSŠ;Prešovský;SK041;Humenné;SK0412;1;štátna;regionálny úrad školskej správy;
ŠVVP;OU;SŠ;ŠSŠ;Prešovský;SK041;Kežmarok;SK0413;1;súkromná;súkromník;
ŠVVP;OU;SŠ;ŠSŠ;Prešovský;SK041;Levoča;SK0414;1;cirkevná;cirkev, náboženská spoločnosť;
ŠVVP;OU;SŠ;ŠSŠ;Prešovský;SK041;Levoča;SK0414;2;štátna;regionálny úrad školskej správy;
ŠVVP;OU;SŠ;ŠSŠ;Prešovský;SK041;Medzilaborce;SK0415;1;štátna;regionálny úrad školskej správy;
ŠVVP;OU;SŠ;ŠSŠ;Prešovský;SK041;Poprad;SK0416;2;štátna;regionálny úrad školskej správy;
ŠVVP;OU;SŠ;ŠSŠ;Prešovský;SK041;Prešov;SK0417;1;súkromná;súkromník;
ŠVVP;OU;SŠ;ŠSŠ;Prešovský;SK041;Prešov;SK0417;3;štátna;regionálny úrad školskej správy;
ŠVVP;OU;SŠ;ŠSŠ;Prešovský;SK041;Sabinov;SK0418;2;štátna;regionálny úrad školskej správy;
ŠVVP;OU;SŠ;ŠSŠ;Prešovský;SK041;Snina;SK0419;1;štátna;regionálny úrad školskej správy;
ŠVVP;OU;SŠ;ŠSŠ;Prešovský;SK041;Stará Ľubovňa;SK041A;1;cirkevná;cirkev, náboženská spoločnosť;
ŠVVP;OU;SŠ;ŠSŠ;Prešovský;SK041;Stará Ľubovňa;SK041A;1;štátna;regionálny úrad školskej správy;
ŠVVP;OU;SŠ;ŠSŠ;Prešovský;SK041;Stropkov;SK041B;1;súkromná;súkromník;
ŠVVP;OU;SŠ;ŠSŠ;Prešovský;SK041;Svidník;SK041C;1;štátna;regionálny úrad školskej správy;
ŠVVP;OU;SŠ;ŠSŠ;Prešovský;SK041;Vranov nad Topľou;SK041D;1;štátna;regionálny úrad školskej správy;
ŠVVP;OU;SŠ;ŠSŠ;Trenčiansky;SK022;Ilava;SK0222;1;štátna;regionálny úrad školskej správy;
ŠVVP;OU;SŠ;ŠSŠ;Trenčiansky;SK022;Prievidza;SK0227;1;štátna;regionálny úrad školskej správy;
ŠVVP;OU;SŠ;ŠSŠ;Trnavský;SK021;Dunajská Streda;SK0211;1;štátna;regionálny úrad školskej správy;
ŠVVP;OU;SŠ;ŠSŠ;Trnavský;SK021;Hlohovec;SK0213;2;štátna;regionálny úrad školskej správy;
ŠVVP;OU;SŠ;ŠSŠ;Trnavský;SK021;Trnava;SK0217;1;štátna;regionálny úrad školskej správy;
ŠVVP;OU;SŠ;ŠSŠ;Žilinský;SK031;Kysucké Nové Mesto;SK0314;1;štátna;regionálny úrad školskej správy;
ŠVVP;OU;SŠ;ŠSŠ;Žilinský;SK031;Liptovský Mikuláš;SK0315;1;štátna;regionálny úrad školskej správy;
ŠVVP;OU;SŠ;ŠSŠ;Žilinský;SK031;Martin;SK0316;1;štátna;regionálny úrad školskej správy;
ŠVVP;OU;SŠ;ŠSŠ;Žilinský;SK031;Námestovo;SK0317;1;štátna;regionálny úrad školskej správy;
ŠVVP;OU;SŠ;ŠSŠ;Žilinský;SK031;Ružomberok;SK0318;1;štátna;samosprávny kraj ;
ŠVVP;OU;SŠ;ŠSŠ;Žilinský;SK031;Žilina;SK031B;1;štátna;regionálny úrad školskej správy;
ŠVVP;PŠ;SŠ;ŠSŠ;Banskobystrický;SK032;Banská Bystrica;SK0321;1;štátna;regionálny úrad školskej správy;
ŠVVP;PŠ;SŠ;ŠSŠ;Banskobystrický;SK032;Brezno;SK0323;1;štátna;regionálny úrad školskej správy;
ŠVVP;PŠ;SŠ;ŠSŠ;Banskobystrický;SK032;Detva;SK0324;1;súkromná;súkromník;
ŠVVP;PŠ;SŠ;ŠSŠ;Banskobystrický;SK032;Lučenec;SK0326;1;štátna;regionálny úrad školskej správy;
ŠVVP;PŠ;SŠ;ŠSŠ;Banskobystrický;SK032;Revúca;SK0328;1;štátna;regionálny úrad školskej správy;
ŠVVP;PŠ;SŠ;ŠSŠ;Banskobystrický;SK032;Rimavská Sobota;SK0329;2;štátna;regionálny úrad školskej správy;
ŠVVP;PŠ;SŠ;ŠSŠ;Banskobystrický;SK032;Žarnovica;SK032C;1;štátna;regionálny úrad školskej správy;
ŠVVP;PŠ;SŠ;ŠSŠ;Banskobystrický;SK032;Žiar nad Hronom;SK032D;1;štátna;regionálny úrad školskej správy;
ŠVVP;PŠ;SŠ;ŠSŠ;Bratislavský;SK010;Bratislava IV;SK0104;2;štátna;regionálny úrad školskej správy;
ŠVVP;PŠ;SŠ;ŠSŠ;Bratislavský;SK010;Bratislava V;SK0105;1;štátna;regionálny úrad školskej správy;
ŠVVP;PŠ;SŠ;ŠSŠ;Bratislavský;SK010;Malacky;SK0106;1;štátna;regionálny úrad školskej správy;
ŠVVP;PŠ;SŠ;ŠSŠ;Bratislavský;SK010;Pezinok;SK0107;1;štátna;regionálny úrad školskej správy;
ŠVVP;PŠ;SŠ;ŠSŠ;Bratislavský;SK010;Senec;SK0108;1;štátna;regionálny úrad školskej správy;
ŠVVP;PŠ;SŠ;ŠSŠ;Košický;SK042;Gelnica;SK0421;1;štátna;regionálny úrad školskej správy;
ŠVVP;PŠ;SŠ;ŠSŠ;Košický;SK042;Košice - okolie;SK0426;2;štátna;regionálny úrad školskej správy;
ŠVVP;PŠ;SŠ;ŠSŠ;Košický;SK042;Košice I;SK0422;1;štátna;regionálny úrad školskej správy;
ŠVVP;PŠ;SŠ;ŠSŠ;Košický;SK042;Košice II;SK0423;1;súkromná;súkromník;
ŠVVP;PŠ;SŠ;ŠSŠ;Košický;SK042;Košice III;SK0424;1;súkromná;súkromník;
ŠVVP;PŠ;SŠ;ŠSŠ;Košický;SK042;Košice IV;SK0425;2;štátna;regionálny úrad školskej správy;
ŠVVP;PŠ;SŠ;ŠSŠ;Košický;SK042;Michalovce;SK0427;1;súkromná;súkromník;
ŠVVP;PŠ;SŠ;ŠSŠ;Košický;SK042;Michalovce;SK0427;3;štátna;regionálny úrad školskej správy;
ŠVVP;PŠ;SŠ;ŠSŠ;Košický;SK042;Rožňava;SK0428;2;štátna;regionálny úrad školskej správy;
ŠVVP;PŠ;SŠ;ŠSŠ;Košický;SK042;Spišská Nová Ves;SK042A;1;cirkevná;cirkev, náboženská spoločnosť;
ŠVVP;PŠ;SŠ;ŠSŠ;Košický;SK042;Spišská Nová Ves;SK042A;3;štátna;regionálny úrad školskej správy;
ŠVVP;PŠ;SŠ;ŠSŠ;Košický;SK042;Trebišov;SK042B;3;štátna;regionálny úrad školskej správy;
ŠVVP;PŠ;SŠ;ŠSŠ;Nitriansky;SK023;Komárno;SK0231;1;štátna;regionálny úrad školskej správy;
ŠVVP;PŠ;SŠ;ŠSŠ;Nitriansky;SK023;Levice;SK0232;1;štátna;regionálny úrad školskej správy;
ŠVVP;PŠ;SŠ;ŠSŠ;Nitriansky;SK023;Nitra;SK0233;1;štátna;regionálny úrad školskej správy;
ŠVVP;PŠ;SŠ;ŠSŠ;Nitriansky;SK023;Topoľčany;SK0236;1;štátna;regionálny úrad školskej správy;
ŠVVP;PŠ;SŠ;ŠSŠ;Prešovský;SK041;Bardejov;SK0411;1;štátna;regionálny úrad školskej správy;
ŠVVP;PŠ;SŠ;ŠSŠ;Prešovský;SK041;Humenné;SK0412;1;štátna;regionálny úrad školskej správy;
ŠVVP;PŠ;SŠ;ŠSŠ;Prešovský;SK041;Kežmarok;SK0413;1;štátna;regionálny úrad školskej správy;
ŠVVP;PŠ;SŠ;ŠSŠ;Prešovský;SK041;Levoča;SK0414;1;cirkevná;cirkev, náboženská spoločnosť;
ŠVVP;PŠ;SŠ;ŠSŠ;Prešovský;SK041;Levoča;SK0414;1;štátna;regionálny úrad školskej správy;
ŠVVP;PŠ;SŠ;ŠSŠ;Prešovský;SK041;Medzilaborce;SK0415;1;štátna;regionálny úrad školskej správy;
ŠVVP;PŠ;SŠ;ŠSŠ;Prešovský;SK041;Poprad;SK0416;2;štátna;regionálny úrad školskej správy;
ŠVVP;PŠ;SŠ;ŠSŠ;Prešovský;SK041;Prešov;SK0417;1;cirkevná;cirkev, náboženská spoločnosť;
ŠVVP;PŠ;SŠ;ŠSŠ;Prešovský;SK041;Prešov;SK0417;1;súkromná;súkromník;
ŠVVP;PŠ;SŠ;ŠSŠ;Prešovský;SK041;Prešov;SK0417;3;štátna;regionálny úrad školskej správy;
ŠVVP;PŠ;SŠ;ŠSŠ;Prešovský;SK041;Sabinov;SK0418;2;štátna;regionálny úrad školskej správy;
ŠVVP;PŠ;SŠ;ŠSŠ;Prešovský;SK041;Snina;SK0419;1;štátna;regionálny úrad školskej správy;
ŠVVP;PŠ;SŠ;ŠSŠ;Prešovský;SK041;Stará Ľubovňa;SK041A;1;štátna;regionálny úrad školskej správy;
ŠVVP;PŠ;SŠ;ŠSŠ;Prešovský;SK041;Svidník;SK041C;1;štátna;regionálny úrad školskej správy;
ŠVVP;PŠ;SŠ;ŠSŠ;Prešovský;SK041;Vranov nad Topľou;SK041D;2;štátna;regionálny úrad školskej správy;
ŠVVP;PŠ;SŠ;ŠSŠ;Trenčiansky;SK022;Ilava;SK0222;1;štátna;regionálny úrad školskej správy;
ŠVVP;PŠ;SŠ;ŠSŠ;Trenčiansky;SK022;Myjava;SK0223;1;štátna;regionálny úrad školskej správy;
ŠVVP;PŠ;SŠ;ŠSŠ;Trenčiansky;SK022;Nové Mesto nad Váhom;SK0224;1;štátna;regionálny úrad školskej správy;
ŠVVP;PŠ;SŠ;ŠSŠ;Trenčiansky;SK022;Považská Bystrica;SK0226;1;štátna;regionálny úrad školskej správy;
ŠVVP;PŠ;SŠ;ŠSŠ;Trenčiansky;SK022;Prievidza;SK0227;2;štátna;regionálny úrad školskej správy;
ŠVVP;PŠ;SŠ;ŠSŠ;Trenčiansky;SK022;Púchov;SK0228;1;štátna;regionálny úrad školskej správy;
ŠVVP;PŠ;SŠ;ŠSŠ;Trenčiansky;SK022;Trenčín;SK0229;3;štátna;regionálny úrad školskej správy;
ŠVVP;PŠ;SŠ;ŠSŠ;Trnavský;SK021;Dunajská Streda;SK0211;1;štátna;regionálny úrad školskej správy;
ŠVVP;PŠ;SŠ;ŠSŠ;Trnavský;SK021;Galanta;SK0212;1;štátna;regionálny úrad školskej správy;
ŠVVP;PŠ;SŠ;ŠSŠ;Trnavský;SK021;Hlohovec;SK0213;1;štátna;regionálny úrad školskej správy;
ŠVVP;PŠ;SŠ;ŠSŠ;Trnavský;SK021;Piešťany;SK0214;2;štátna;regionálny úrad školskej správy;
ŠVVP;PŠ;SŠ;ŠSŠ;Trnavský;SK021;Senica;SK0215;1;štátna;regionálny úrad školskej správy;
ŠVVP;PŠ;SŠ;ŠSŠ;Trnavský;SK021;Trnava;SK0217;3;štátna;regionálny úrad školskej správy;
ŠVVP;PŠ;SŠ;ŠSŠ;Žilinský;SK031;Bytča;SK0311;1;štátna;regionálny úrad školskej správy;
ŠVVP;PŠ;SŠ;ŠSŠ;Žilinský;SK031;Čadca;SK0312;1;cirkevná;cirkev, náboženská spoločnosť;
ŠVVP;PŠ;SŠ;ŠSŠ;Žilinský;SK031;Čadca;SK0312;1;štátna;regionálny úrad školskej správy;
ŠVVP;PŠ;SŠ;ŠSŠ;Žilinský;SK031;Kysucké Nové Mesto;SK0314;1;štátna;regionálny úrad školskej správy;
ŠVVP;PŠ;SŠ;ŠSŠ;Žilinský;SK031;Liptovský Mikuláš;SK0315;1;štátna;regionálny úrad školskej správy;
ŠVVP;PŠ;SŠ;ŠSŠ;Žilinský;SK031;Martin;SK0316;1;štátna;regionálny úrad školskej správy;
ŠVVP;PŠ;SŠ;ŠSŠ;Žilinský;SK031;Námestovo;SK0317;1;štátna;regionálny úrad školskej správy;
ŠVVP;PŠ;SŠ;ŠSŠ;Žilinský;SK031;Žilina;SK031B;1;súkromná;súkromník;
ŠVVP;PŠ;SŠ;ŠSŠ;Žilinský;SK031;Žilina;SK031B;1;štátna;regionálny úrad školskej správy;
SOŠ;SOŠ;SŠ;SOŠ;Banskobystrický;SK032;Banská Bystrica;SK0321;11;štátna;samosprávny kraj ;
SOŠ;SOŠ;SŠ;SOŠ;Banskobystrický;SK032;Banská Štiavnica;SK0322;1;cirkevná;cirkev, náboženská spoločnosť;
SOŠ;SOŠ;SŠ;SOŠ;Banskobystrický;SK032;Banská Štiavnica;SK0322;1;súkromná;súkromník;
SOŠ;SOŠ;SŠ;SOŠ;Banskobystrický;SK032;Banská Štiavnica;SK0322;2;štátna;samosprávny kraj ;
SOŠ;SOŠ;SŠ;SOŠ;Banskobystrický;SK032;Brezno;SK0323;1;súkromná;súkromník;
SOŠ;SOŠ;SŠ;SOŠ;Banskobystrický;SK032;Brezno;SK0323;1;súkromná;zahraničný subjekt;
SOŠ;SOŠ;SŠ;SOŠ;Banskobystrický;SK032;Brezno;SK0323;3;štátna;samosprávny kraj ;
SOŠ;SOŠ;SŠ;SOŠ;Banskobystrický;SK032;Detva;SK0324;2;štátna;samosprávny kraj ;
SOŠ;SOŠ;SŠ;SOŠ;Banskobystrický;SK032;Krupina;SK0325;1;štátna;samosprávny kraj ;
SOŠ;SOŠ;SŠ;SOŠ;Banskobystrický;SK032;Lučenec;SK0326;7;štátna;samosprávny kraj ;
SOŠ;SOŠ;SŠ;SOŠ;Banskobystrický;SK032;Poltár;SK0327;1;štátna;samosprávny kraj ;
SOŠ;SOŠ;SŠ;SOŠ;Banskobystrický;SK032;Revúca;SK0328;1;súkromná;súkromník;
SOŠ;SOŠ;SŠ;SOŠ;Banskobystrický;SK032;Revúca;SK0328;2;štátna;samosprávny kraj ;
SOŠ;SOŠ;SŠ;SOŠ;Banskobystrický;SK032;Rimavská Sobota;SK0329;1;súkromná;súkromník;
SOŠ;SOŠ;SŠ;SOŠ;Banskobystrický;SK032;Rimavská Sobota;SK0329;4;štátna;samosprávny kraj ;
SOŠ;SOŠ;SŠ;SOŠ;Banskobystrický;SK032;Veľký Krtíš;SK032A;3;štátna;samosprávny kraj ;
SOŠ;SOŠ;SŠ;SOŠ;Banskobystrický;SK032;Zvolen;SK032B;2;súkromná;súkromník;
SOŠ;SOŠ;SŠ;SOŠ;Banskobystrický;SK032;Zvolen;SK032B;4;štátna;samosprávny kraj ;
SOŠ;SOŠ;SŠ;SOŠ;Banskobystrický;SK032;Žarnovica;SK032C;1;štátna;samosprávny kraj ;
SOŠ;SOŠ;SŠ;SOŠ;Banskobystrický;SK032;Žiar nad Hronom;SK032D;3;súkromná;súkromník;
SOŠ;SOŠ;SŠ;SOŠ;Banskobystrický;SK032;Žiar nad Hronom;SK032D;1;štátna;samosprávny kraj ;
SOŠ;SOŠ;SŠ;SOŠ;Bratislavský;SK010;Bratislava I;SK0101;1;cirkevná;cirkev, náboženská spoločnosť;
SOŠ;SOŠ;SŠ;SOŠ;Bratislavský;SK010;Bratislava I;SK0101;2;štátna;samosprávny kraj ;
SOŠ;SOŠ;SŠ;SOŠ;Bratislavský;SK010;Bratislava II;SK0102;6;súkromná;súkromník;
SOŠ;SOŠ;SŠ;SOŠ;Bratislavský;SK010;Bratislava II;SK0102;9;štátna;samosprávny kraj ;
SOŠ;SOŠ;SŠ;SOŠ;Bratislavský;SK010;Bratislava III;SK0103;2;súkromná;súkromník;
SOŠ;SOŠ;SŠ;SOŠ;Bratislavský;SK010;Bratislava III;SK0103;6;štátna;samosprávny kraj ;
SOŠ;SOŠ;SŠ;SOŠ;Bratislavský;SK010;Bratislava IV;SK0104;3;súkromná;súkromník;
SOŠ;SOŠ;SŠ;SOŠ;Bratislavský;SK010;Bratislava IV;SK0104;2;štátna;samosprávny kraj ;
SOŠ;SOŠ;SŠ;SOŠ;Bratislavský;SK010;Bratislava V;SK0105;1;cirkevná;cirkev, náboženská spoločnosť;
SOŠ;SOŠ;SŠ;SOŠ;Bratislavský;SK010;Bratislava V;SK0105;4;súkromná;súkromník;
SOŠ;SOŠ;SŠ;SOŠ;Bratislavský;SK010;Bratislava V;SK0105;1;štátna;regionálny úrad školskej správy;
SOŠ;SOŠ;SŠ;SOŠ;Bratislavský;SK010;Bratislava V;SK0105;5;štátna;samosprávny kraj ;
SOŠ;SOŠ;SŠ;SOŠ;Bratislavský;SK010;Malacky;SK0106;2;súkromná;súkromník;
SOŠ;SOŠ;SŠ;SOŠ;Bratislavský;SK010;Pezinok;SK0107;1;súkromná;súkromník;
SOŠ;SOŠ;SŠ;SOŠ;Bratislavský;SK010;Pezinok;SK0107;4;štátna;samosprávny kraj ;
SOŠ;SOŠ;SŠ;SOŠ;Bratislavský;SK010;Senec;SK0108;5;štátna;samosprávny kraj ;
SOŠ;SOŠ;SŠ;SOŠ;Košický;SK042;Gelnica;SK0421;1;štátna;samosprávny kraj ;
SOŠ;SOŠ;SŠ;SOŠ;Košický;SK042;Košice - okolie;SK0426;1;štátna;samosprávny kraj ;
SOŠ;SOŠ;SŠ;SOŠ;Košický;SK042;Košice I;SK0422;1;cirkevná;cirkev, náboženská spoločnosť;
SOŠ;SOŠ;SŠ;SOŠ;Košický;SK042;Košice I;SK0422;1;súkromná;súkromník;
SOŠ;SOŠ;SŠ;SOŠ;Košický;SK042;Košice I;SK0422;1;štátna;regionálny úrad školskej správy;
SOŠ;SOŠ;SŠ;SOŠ;Košický;SK042;Košice I;SK0422;8;štátna;samosprávny kraj ;
SOŠ;SOŠ;SŠ;SOŠ;Košický;SK042;Košice II;SK0423;1;štátna;samosprávny kraj ;
SOŠ;SOŠ;SŠ;SOŠ;Košický;SK042;Košice III;SK0424;1;súkromná;súkromník;
SOŠ;SOŠ;SŠ;SOŠ;Košický;SK042;Košice III;SK0424;1;štátna;samosprávny kraj ;
SOŠ;SOŠ;SŠ;SOŠ;Košický;SK042;Košice IV;SK0425;1;cirkevná;cirkev, náboženská spoločnosť;
SOŠ;SOŠ;SŠ;SOŠ;Košický;SK042;Košice IV;SK0425;4;súkromná;súkromník;
SOŠ;SOŠ;SŠ;SOŠ;Košický;SK042;Košice IV;SK0425;9;štátna;samosprávny kraj ;
SOŠ;SOŠ;SŠ;SOŠ;Košický;SK042;Michalovce;SK0427;1;cirkevná;cirkev, náboženská spoločnosť;
SOŠ;SOŠ;SŠ;SOŠ;Košický;SK042;Michalovce;SK0427;2;súkromná;súkromník;
SOŠ;SOŠ;SŠ;SOŠ;Košický;SK042;Michalovce;SK0427;6;štátna;samosprávny kraj ;
SOŠ;SOŠ;SŠ;SOŠ;Košický;SK042;Rožňava;SK0428;1;štátna;obec, mesto;
SOŠ;SOŠ;SŠ;SOŠ;Košický;SK042;Rožňava;SK0428;4;štátna;samosprávny kraj ;
SOŠ;SOŠ;SŠ;SOŠ;Košický;SK042;Sobrance;SK0429;1;štátna;samosprávny kraj ;
SOŠ;SOŠ;SŠ;SOŠ;Košický;SK042;Spišská Nová Ves;SK042A;1;súkromná;súkromník;
SOŠ;SOŠ;SŠ;SOŠ;Košický;SK042;Spišská Nová Ves;SK042A;5;štátna;samosprávny kraj ;
SOŠ;SOŠ;SŠ;SOŠ;Košický;SK042;Trebišov;SK042B;1;cirkevná;cirkev, náboženská spoločnosť;
SOŠ;SOŠ;SŠ;SOŠ;Košický;SK042;Trebišov;SK042B;2;súkromná;súkromník;
SOŠ;SOŠ;SŠ;SOŠ;Košický;SK042;Trebišov;SK042B;3;štátna;samosprávny kraj ;
SOŠ;SOŠ;SŠ;SOŠ;Nitriansky;SK023;Komárno;SK0231;3;súkromná;súkromník;
SOŠ;SOŠ;SŠ;SOŠ;Nitriansky;SK023;Komárno;SK0231;6;štátna;samosprávny kraj ;
SOŠ;SOŠ;SŠ;SOŠ;Nitriansky;SK023;Levice;SK0232;8;štátna;samosprávny kraj ;
SOŠ;SOŠ;SŠ;SOŠ;Nitriansky;SK023;Nitra;SK0233;1;cirkevná;cirkev, náboženská spoločnosť;
SOŠ;SOŠ;SŠ;SOŠ;Nitriansky;SK023;Nitra;SK0233;4;súkromná;súkromník;
SOŠ;SOŠ;SŠ;SOŠ;Nitriansky;SK023;Nitra;SK0233;12;štátna;samosprávny kraj ;
SOŠ;SOŠ;SŠ;SOŠ;Nitriansky;SK023;Nové Zámky;SK0234;2;súkromná;súkromník;
SOŠ;SOŠ;SŠ;SOŠ;Nitriansky;SK023;Nové Zámky;SK0234;10;štátna;samosprávny kraj ;
SOŠ;SOŠ;SŠ;SOŠ;Nitriansky;SK023;Šaľa;SK0235;4;štátna;samosprávny kraj ;
SOŠ;SOŠ;SŠ;SOŠ;Nitriansky;SK023;Topoľčany;SK0236;1;cirkevná;cirkev, náboženská spoločnosť;
SOŠ;SOŠ;SŠ;SOŠ;Nitriansky;SK023;Topoľčany;SK0236;1;súkromná;súkromník;
SOŠ;SOŠ;SŠ;SOŠ;Nitriansky;SK023;Topoľčany;SK0236;6;štátna;samosprávny kraj ;
SOŠ;SOŠ;SŠ;SOŠ;Nitriansky;SK023;Zlaté Moravce;SK0237;4;štátna;samosprávny kraj ;
SOŠ;SOŠ;SŠ;SOŠ;Prešovský;SK041;Bardejov;SK0411;1;súkromná;súkromník;
SOŠ;SOŠ;SŠ;SOŠ;Prešovský;SK041;Bardejov;SK0411;5;štátna;samosprávny kraj ;
SOŠ;SOŠ;SŠ;SOŠ;Prešovský;SK041;Humenné;SK0412;1;súkromná;zahraničný subjekt;
SOŠ;SOŠ;SŠ;SOŠ;Prešovský;SK041;Humenné;SK0412;6;štátna;samosprávny kraj ;
SOŠ;SOŠ;SŠ;SOŠ;Prešovský;SK041;Kežmarok;SK0413;1;súkromná;súkromník;
SOŠ;SOŠ;SŠ;SOŠ;Prešovský;SK041;Kežmarok;SK0413;3;štátna;samosprávny kraj ;
SOŠ;SOŠ;SŠ;SOŠ;Prešovský;SK041;Levoča;SK0414;1;cirkevná;cirkev, náboženská spoločnosť;
SOŠ;SOŠ;SŠ;SOŠ;Prešovský;SK041;Levoča;SK0414;2;štátna;samosprávny kraj ;
SOŠ;SOŠ;SŠ;SOŠ;Prešovský;SK041;Medzilaborce;SK0415;1;štátna;samosprávny kraj ;
SOŠ;SOŠ;SŠ;SOŠ;Prešovský;SK041;Poprad;SK0416;2;súkromná;súkromník;
SOŠ;SOŠ;SŠ;SOŠ;Prešovský;SK041;Poprad;SK0416;8;štátna;samosprávny kraj ;
SOŠ;SOŠ;SŠ;SOŠ;Prešovský;SK041;Prešov;SK0417;1;cirkevná;cirkev, náboženská spoločnosť;
SOŠ;SOŠ;SŠ;SOŠ;Prešovský;SK041;Prešov;SK0417;3;súkromná;súkromník;
SOŠ;SOŠ;SŠ;SOŠ;Prešovský;SK041;Prešov;SK0417;14;štátna;samosprávny kraj ;
SOŠ;SOŠ;SŠ;SOŠ;Prešovský;SK041;Sabinov;SK0418;3;štátna;samosprávny kraj ;
SOŠ;SOŠ;SŠ;SOŠ;Prešovský;SK041;Snina;SK0419;2;štátna;samosprávny kraj ;
SOŠ;SOŠ;SŠ;SOŠ;Prešovský;SK041;Stará Ľubovňa;SK041A;1;cirkevná;cirkev, náboženská spoločnosť;
SOŠ;SOŠ;SŠ;SOŠ;Prešovský;SK041;Stará Ľubovňa;SK041A;2;štátna;samosprávny kraj ;
SOŠ;SOŠ;SŠ;SOŠ;Prešovský;SK041;Stropkov;SK041B;1;štátna;samosprávny kraj ;
SOŠ;SOŠ;SŠ;SOŠ;Prešovský;SK041;Svidník;SK041C;1;cirkevná;cirkev, náboženská spoločnosť;
SOŠ;SOŠ;SŠ;SOŠ;Prešovský;SK041;Svidník;SK041C;1;súkromná;súkromník;
SOŠ;SOŠ;SŠ;SOŠ;Prešovský;SK041;Svidník;SK041C;2;štátna;samosprávny kraj ;
SOŠ;SOŠ;SŠ;SOŠ;Prešovský;SK041;Vranov nad Topľou;SK041D;6;štátna;samosprávny kraj ;
SOŠ;SOŠ;SŠ;SOŠ;Trenčiansky;SK022;Bánovce nad Bebravou;SK0221;1;cirkevná;cirkev, náboženská spoločnosť;
SOŠ;SOŠ;SŠ;SOŠ;Trenčiansky;SK022;Bánovce nad Bebravou;SK0221;1;štátna;samosprávny kraj ;
SOŠ;SOŠ;SŠ;SOŠ;Trenčiansky;SK022;Ilava;SK0222;1;cirkevná;cirkev, náboženská spoločnosť;
SOŠ;SOŠ;SŠ;SOŠ;Trenčiansky;SK022;Ilava;SK0222;3;štátna;samosprávny kraj ;
SOŠ;SOŠ;SŠ;SOŠ;Trenčiansky;SK022;Myjava;SK0223;1;štátna;samosprávny kraj ;
SOŠ;SOŠ;SŠ;SOŠ;Trenčiansky;SK022;Nové Mesto nad Váhom;SK0224;3;štátna;samosprávny kraj ;
SOŠ;SOŠ;SŠ;SOŠ;Trenčiansky;SK022;Partizánske;SK0225;1;štátna;samosprávny kraj ;
SOŠ;SOŠ;SŠ;SOŠ;Trenčiansky;SK022;Považská Bystrica;SK0226;2;súkromná;súkromník;
SOŠ;SOŠ;SŠ;SOŠ;Trenčiansky;SK022;Považská Bystrica;SK0226;5;štátna;samosprávny kraj ;
SOŠ;SOŠ;SŠ;SOŠ;Trenčiansky;SK022;Prievidza;SK0227;1;cirkevná;cirkev, náboženská spoločnosť;
SOŠ;SOŠ;SŠ;SOŠ;Trenčiansky;SK022;Prievidza;SK0227;6;štátna;samosprávny kraj ;
SOŠ;SOŠ;SŠ;SOŠ;Trenčiansky;SK022;Púchov;SK0228;2;štátna;samosprávny kraj ;
SOŠ;SOŠ;SŠ;SOŠ;Trenčiansky;SK022;Trenčín;SK0229;1;cirkevná;cirkev, náboženská spoločnosť;
SOŠ;SOŠ;SŠ;SOŠ;Trenčiansky;SK022;Trenčín;SK0229;1;súkromná;súkromník;
SOŠ;SOŠ;SŠ;SOŠ;Trenčiansky;SK022;Trenčín;SK0229;2;štátna;regionálny úrad školskej správy;
SOŠ;SOŠ;SŠ;SOŠ;Trenčiansky;SK022;Trenčín;SK0229;5;štátna;samosprávny kraj ;
SOŠ;SOŠ;SŠ;SOŠ;Trnavský;SK021;Dunajská Streda;SK0211;5;súkromná;súkromník;
SOŠ;SOŠ;SŠ;SOŠ;Trnavský;SK021;Dunajská Streda;SK0211;6;štátna;samosprávny kraj ;
SOŠ;SOŠ;SŠ;SOŠ;Trnavský;SK021;Galanta;SK0212;2;súkromná;súkromník;
SOŠ;SOŠ;SŠ;SOŠ;Trnavský;SK021;Galanta;SK0212;3;štátna;samosprávny kraj ;
SOŠ;SOŠ;SŠ;SOŠ;Trnavský;SK021;Hlohovec;SK0213;2;štátna;samosprávny kraj ;
SOŠ;SOŠ;SŠ;SOŠ;Trnavský;SK021;Piešťany;SK0214;6;štátna;samosprávny kraj ;
SOŠ;SOŠ;SŠ;SOŠ;Trnavský;SK021;Senica;SK0215;1;súkromná;súkromník;
SOŠ;SOŠ;SŠ;SOŠ;Trnavský;SK021;Senica;SK0215;2;štátna;samosprávny kraj ;
SOŠ;SOŠ;SŠ;SOŠ;Trnavský;SK021;Skalica;SK0216;1;súkromná;súkromník;
SOŠ;SOŠ;SŠ;SOŠ;Trnavský;SK021;Skalica;SK0216;5;štátna;samosprávny kraj ;
SOŠ;SOŠ;SŠ;SOŠ;Trnavský;SK021;Trnava;SK0217;1;cirkevná;cirkev, náboženská spoločnosť;
SOŠ;SOŠ;SŠ;SOŠ;Trnavský;SK021;Trnava;SK0217;1;súkromná;súkromník;
SOŠ;SOŠ;SŠ;SOŠ;Trnavský;SK021;Trnava;SK0217;9;štátna;samosprávny kraj ;
SOŠ;SOŠ;SŠ;SOŠ;Žilinský;SK031;Bytča;SK0311;1;súkromná;súkromník;
SOŠ;SOŠ;SŠ;SOŠ;Žilinský;SK031;Čadca;SK0312;2;cirkevná;cirkev, náboženská spoločnosť;
SOŠ;SOŠ;SŠ;SOŠ;Žilinský;SK031;Čadca;SK0312;4;štátna;samosprávny kraj ;
SOŠ;SOŠ;SŠ;SOŠ;Žilinský;SK031;Dolný Kubín;SK0313;4;štátna;samosprávny kraj ;
SOŠ;SOŠ;SŠ;SOŠ;Žilinský;SK031;Kysucké Nové Mesto;SK0314;2;štátna;samosprávny kraj ;
SOŠ;SOŠ;SŠ;SOŠ;Žilinský;SK031;Liptovský Mikuláš;SK0315;8;štátna;samosprávny kraj ;
SOŠ;SOŠ;SŠ;SOŠ;Žilinský;SK031;Martin;SK0316;5;štátna;samosprávny kraj ;
SOŠ;SOŠ;SŠ;SOŠ;Žilinský;SK031;Námestovo;SK0317;2;súkromná;súkromník;
SOŠ;SOŠ;SŠ;SOŠ;Žilinský;SK031;Námestovo;SK0317;2;štátna;samosprávny kraj ;
SOŠ;SOŠ;SŠ;SOŠ;Žilinský;SK031;Ružomberok;SK0318;1;cirkevná;cirkev, náboženská spoločnosť;
SOŠ;SOŠ;SŠ;SOŠ;Žilinský;SK031;Ružomberok;SK0318;1;súkromná;súkromník;
SOŠ;SOŠ;SŠ;SOŠ;Žilinský;SK031;Ružomberok;SK0318;3;štátna;samosprávny kraj ;
SOŠ;SOŠ;SŠ;SOŠ;Žilinský;SK031;Turčianske Teplice;SK0319;1;štátna;samosprávny kraj ;
SOŠ;SOŠ;SŠ;SOŠ;Žilinský;SK031;Tvrdošín;SK031A;3;štátna;samosprávny kraj ;
SOŠ;SOŠ;SŠ;SOŠ;Žilinský;SK031;Žilina;SK031B;2;cirkevná;cirkev, náboženská spoločnosť;
SOŠ;SOŠ;SŠ;SOŠ;Žilinský;SK031;Žilina;SK031B;2;súkromná;súkromník;
SOŠ;SOŠ;SŠ;SOŠ;Žilinský;SK031;Žilina;SK031B;9;štátna;samosprávny kraj ;
SŠŠ;SŠŠ;SŠ;SŠŠ;Banskobystrický;SK032;Banská Bystrica;SK0321;1;štátna;samosprávny kraj ;
SŠŠ;SŠŠ;SŠ;SŠŠ;Banskobystrický;SK032;Zvolen;SK032B;1;súkromná;súkromník;
SŠŠ;SŠŠ;SŠ;SŠŠ;Bratislavský;SK010;Bratislava II;SK0102;2;súkromná;súkromník;
SŠŠ;SŠŠ;SŠ;SŠŠ;Bratislavský;SK010;Bratislava II;SK0102;1;štátna;samosprávny kraj ;
SŠŠ;SŠŠ;SŠ;SŠŠ;Bratislavský;SK010;Bratislava V;SK0105;1;súkromná;súkromník;
SŠŠ;SŠŠ;SŠ;SŠŠ;Košický;SK042;Košice II;SK0423;1;štátna;samosprávny kraj ;
SŠŠ;SŠŠ;SŠ;SŠŠ;Košický;SK042;Košice IV;SK0425;1;súkromná;súkromník;
SŠŠ;SŠŠ;SŠ;SŠŠ;Nitriansky;SK023;Nitra;SK0233;1;štátna;samosprávny kraj ;
SŠŠ;SŠŠ;SŠ;SŠŠ;Prešovský;SK041;Poprad;SK0416;1;štátna;samosprávny kraj ;
SŠŠ;SŠŠ;SŠ;SŠŠ;Prešovský;SK041;Prešov;SK0417;1;súkromná;súkromník;
SŠŠ;SŠŠ;SŠ;SŠŠ;Prešovský;SK041;Prešov;SK0417;1;štátna;samosprávny kraj ;
SŠŠ;SŠŠ;SŠ;SŠŠ;Trenčiansky;SK022;Trenčín;SK0229;1;súkromná;súkromník;
SŠŠ;SŠŠ;SŠ;SŠŠ;Trenčiansky;SK022;Trenčín;SK0229;1;štátna;samosprávny kraj ;
SŠŠ;SŠŠ;SŠ;SŠŠ;Trnavský;SK021;Dunajská Streda;SK0211;1;štátna;samosprávny kraj ;
SŠŠ;SŠŠ;SŠ;SŠŠ;Trnavský;SK021;Trnava;SK0217;1;štátna;samosprávny kraj ;
SŠŠ;SŠŠ;SŠ;SŠŠ;Žilinský;SK031;Žilina;SK031B;1;štátna;samosprávny kraj ;
ŠVVP;ŠGYM;SŠ;ŠSŠ;Banskobystrický;SK032;Žiar nad Hronom;SK032D;1;štátna;regionálny úrad školskej správy;
ŠVVP;ŠGYM;SŠ;ŠSŠ;Bratislavský;SK010;Bratislava III;SK0103;1;štátna;samosprávny kraj ;
ŠVVP;ŠGYM;SŠ;ŠSŠ;Bratislavský;SK010;Bratislava IV;SK0104;1;súkromná;súkromník;
ŠVVP;ŠGYM;SŠ;ŠSŠ;Bratislavský;SK010;Bratislava IV;SK0104;1;štátna;regionálny úrad školskej správy;
ŠVVP;ŠMŠ;MŠ;ŠMŠ;Banskobystrický;SK032;Banská Bystrica;SK0321;1;súkromná;súkromník;
ŠVVP;ŠMŠ;MŠ;ŠMŠ;Banskobystrický;SK032;Banská Bystrica;SK0321;2;štátna;regionálny úrad školskej správy;
ŠVVP;ŠMŠ;MŠ;ŠMŠ;Banskobystrický;SK032;Brezno;SK0323;1;štátna;regionálny úrad školskej správy;
ŠVVP;ŠMŠ;MŠ;ŠMŠ;Banskobystrický;SK032;Detva;SK0324;1;súkromná;súkromník;
ŠVVP;ŠMŠ;MŠ;ŠMŠ;Banskobystrický;SK032;Lučenec;SK0326;2;štátna;regionálny úrad školskej správy;
ŠVVP;ŠMŠ;MŠ;ŠMŠ;Banskobystrický;SK032;Zvolen;SK032B;1;štátna;regionálny úrad školskej správy;
ŠVVP;ŠMŠ;MŠ;ŠMŠ;Banskobystrický;SK032;Žarnovica;SK032C;1;štátna;regionálny úrad školskej správy;
ŠVVP;ŠMŠ;MŠ;ŠMŠ;Banskobystrický;SK032;Žiar nad Hronom;SK032D;1;štátna;regionálny úrad školskej správy;
ŠVVP;ŠMŠ;MŠ;ŠMŠ;Bratislavský;SK010;Bratislava I;SK0101;1;súkromná;súkromník;
ŠVVP;ŠMŠ;MŠ;ŠMŠ;Bratislavský;SK010;Bratislava I;SK0101;2;štátna;regionálny úrad školskej správy;
ŠVVP;ŠMŠ;MŠ;ŠMŠ;Bratislavský;SK010;Bratislava II;SK0102;2;štátna;regionálny úrad školskej správy;
ŠVVP;ŠMŠ;MŠ;ŠMŠ;Bratislavský;SK010;Bratislava III;SK0103;2;štátna;regionálny úrad školskej správy;
ŠVVP;ŠMŠ;MŠ;ŠMŠ;Bratislavský;SK010;Bratislava IV;SK0104;3;štátna;regionálny úrad školskej správy;
ŠVVP;ŠMŠ;MŠ;ŠMŠ;Bratislavský;SK010;Bratislava V;SK0105;2;štátna;regionálny úrad školskej správy;
ŠVVP;ŠMŠ;MŠ;ŠMŠ;Bratislavský;SK010;Malacky;SK0106;2;štátna;regionálny úrad školskej správy;
ŠVVP;ŠMŠ;MŠ;ŠMŠ;Bratislavský;SK010;Pezinok;SK0107;1;štátna;regionálny úrad školskej správy;
ŠVVP;ŠMŠ;MŠ;ŠMŠ;Košický;SK042;Gelnica;SK0421;1;štátna;regionálny úrad školskej správy;
ŠVVP;ŠMŠ;MŠ;ŠMŠ;Košický;SK042;Košice - okolie;SK0426;1;súkromná;súkromník;
ŠVVP;ŠMŠ;MŠ;ŠMŠ;Košický;SK042;Košice - okolie;SK0426;2;štátna;regionálny úrad školskej správy;
ŠVVP;ŠMŠ;MŠ;ŠMŠ;Košický;SK042;Košice I;SK0422;2;štátna;regionálny úrad školskej správy;
ŠVVP;ŠMŠ;MŠ;ŠMŠ;Košický;SK042;Košice II;SK0423;1;súkromná;súkromník;
ŠVVP;ŠMŠ;MŠ;ŠMŠ;Košický;SK042;Košice II;SK0423;2;štátna;regionálny úrad školskej správy;
ŠVVP;ŠMŠ;MŠ;ŠMŠ;Košický;SK042;Košice III;SK0424;1;cirkevná;cirkev, náboženská spoločnosť;
ŠVVP;ŠMŠ;MŠ;ŠMŠ;Košický;SK042;Košice IV;SK0425;2;štátna;regionálny úrad školskej správy;
ŠVVP;ŠMŠ;MŠ;ŠMŠ;Košický;SK042;Michalovce;SK0427;1;súkromná;súkromník;
ŠVVP;ŠMŠ;MŠ;ŠMŠ;Košický;SK042;Michalovce;SK0427;5;štátna;regionálny úrad školskej správy;
ŠVVP;ŠMŠ;MŠ;ŠMŠ;Košický;SK042;Rožňava;SK0428;1;štátna;regionálny úrad školskej správy;
ŠVVP;ŠMŠ;MŠ;ŠMŠ;Košický;SK042;Spišská Nová Ves;SK042A;1;cirkevná;cirkev, náboženská spoločnosť;
ŠVVP;ŠMŠ;MŠ;ŠMŠ;Košický;SK042;Spišská Nová Ves;SK042A;3;štátna;regionálny úrad školskej správy;
ŠVVP;ŠMŠ;MŠ;ŠMŠ;Košický;SK042;Trebišov;SK042B;1;štátna;regionálny úrad školskej správy;
ŠVVP;ŠMŠ;MŠ;ŠMŠ;Nitriansky;SK023;Komárno;SK0231;1;štátna;regionálny úrad školskej správy;
ŠVVP;ŠMŠ;MŠ;ŠMŠ;Nitriansky;SK023;Levice;SK0232;3;štátna;regionálny úrad školskej správy;
ŠVVP;ŠMŠ;MŠ;ŠMŠ;Nitriansky;SK023;Nitra;SK0233;4;štátna;regionálny úrad školskej správy;
ŠVVP;ŠMŠ;MŠ;ŠMŠ;Nitriansky;SK023;Topoľčany;SK0236;1;súkromná;súkromník;
ŠVVP;ŠMŠ;MŠ;ŠMŠ;Prešovský;SK041;Bardejov;SK0411;2;štátna;regionálny úrad školskej správy;
ŠVVP;ŠMŠ;MŠ;ŠMŠ;Prešovský;SK041;Humenné;SK0412;1;štátna;regionálny úrad školskej správy;
ŠVVP;ŠMŠ;MŠ;ŠMŠ;Prešovský;SK041;Kežmarok;SK0413;1;súkromná;súkromník;
ŠVVP;ŠMŠ;MŠ;ŠMŠ;Prešovský;SK041;Kežmarok;SK0413;2;štátna;regionálny úrad školskej správy;
ŠVVP;ŠMŠ;MŠ;ŠMŠ;Prešovský;SK041;Levoča;SK0414;1;cirkevná;cirkev, náboženská spoločnosť;
ŠVVP;ŠMŠ;MŠ;ŠMŠ;Prešovský;SK041;Levoča;SK0414;1;štátna;regionálny úrad školskej správy;
ŠVVP;ŠMŠ;MŠ;ŠMŠ;Prešovský;SK041;Medzilaborce;SK0415;1;štátna;regionálny úrad školskej správy;
ŠVVP;ŠMŠ;MŠ;ŠMŠ;Prešovský;SK041;Poprad;SK0416;1;súkromná;súkromník;
ŠVVP;ŠMŠ;MŠ;ŠMŠ;Prešovský;SK041;Poprad;SK0416;2;štátna;regionálny úrad školskej správy;
ŠVVP;ŠMŠ;MŠ;ŠMŠ;Prešovský;SK041;Prešov;SK0417;1;cirkevná;cirkev, náboženská spoločnosť;
ŠVVP;ŠMŠ;MŠ;ŠMŠ;Prešovský;SK041;Prešov;SK0417;2;súkromná;súkromník;
ŠVVP;ŠMŠ;MŠ;ŠMŠ;Prešovský;SK041;Prešov;SK0417;4;štátna;regionálny úrad školskej správy;
ŠVVP;ŠMŠ;MŠ;ŠMŠ;Prešovský;SK041;Snina;SK0419;1;štátna;regionálny úrad školskej správy;
ŠVVP;ŠMŠ;MŠ;ŠMŠ;Prešovský;SK041;Svidník;SK041C;1;štátna;regionálny úrad školskej správy;
ŠVVP;ŠMŠ;MŠ;ŠMŠ;Prešovský;SK041;Vranov nad Topľou;SK041D;3;štátna;regionálny úrad školskej správy;
ŠVVP;ŠMŠ;MŠ;ŠMŠ;Trenčiansky;SK022;Bánovce nad Bebravou;SK0221;1;štátna;regionálny úrad školskej správy;
ŠVVP;ŠMŠ;MŠ;ŠMŠ;Trenčiansky;SK022;Myjava;SK0223;1;štátna;regionálny úrad školskej správy;
ŠVVP;ŠMŠ;MŠ;ŠMŠ;Trenčiansky;SK022;Nové Mesto nad Váhom;SK0224;1;štátna;regionálny úrad školskej správy;
ŠVVP;ŠMŠ;MŠ;ŠMŠ;Trenčiansky;SK022;Považská Bystrica;SK0226;1;štátna;regionálny úrad školskej správy;
ŠVVP;ŠMŠ;MŠ;ŠMŠ;Trenčiansky;SK022;Prievidza;SK0227;1;súkromná;súkromník;
ŠVVP;ŠMŠ;MŠ;ŠMŠ;Trenčiansky;SK022;Prievidza;SK0227;2;štátna;regionálny úrad školskej správy;
ŠVVP;ŠMŠ;MŠ;ŠMŠ;Trenčiansky;SK022;Púchov;SK0228;2;štátna;regionálny úrad školskej správy;
ŠVVP;ŠMŠ;MŠ;ŠMŠ;Trenčiansky;SK022;Trenčín;SK0229;3;štátna;regionálny úrad školskej správy;
ŠVVP;ŠMŠ;MŠ;ŠMŠ;Trnavský;SK021;Dunajská Streda;SK0211;3;štátna;regionálny úrad školskej správy;
ŠVVP;ŠMŠ;MŠ;ŠMŠ;Trnavský;SK021;Galanta;SK0212;1;súkromná;súkromník;
ŠVVP;ŠMŠ;MŠ;ŠMŠ;Trnavský;SK021;Hlohovec;SK0213;1;štátna;regionálny úrad školskej správy;
ŠVVP;ŠMŠ;MŠ;ŠMŠ;Trnavský;SK021;Piešťany;SK0214;2;štátna;regionálny úrad školskej správy;
ŠVVP;ŠMŠ;MŠ;ŠMŠ;Trnavský;SK021;Senica;SK0215;1;štátna;regionálny úrad školskej správy;
ŠVVP;ŠMŠ;MŠ;ŠMŠ;Trnavský;SK021;Skalica;SK0216;1;súkromná;súkromník;
ŠVVP;ŠMŠ;MŠ;ŠMŠ;Trnavský;SK021;Trnava;SK0217;2;štátna;regionálny úrad školskej správy;
ŠVVP;ŠMŠ;MŠ;ŠMŠ;Žilinský;SK031;Bytča;SK0311;1;štátna;regionálny úrad školskej správy;
ŠVVP;ŠMŠ;MŠ;ŠMŠ;Žilinský;SK031;Čadca;SK0312;1;cirkevná;cirkev, náboženská spoločnosť;
ŠVVP;ŠMŠ;MŠ;ŠMŠ;Žilinský;SK031;Dolný Kubín;SK0313;2;štátna;regionálny úrad školskej správy;
ŠVVP;ŠMŠ;MŠ;ŠMŠ;Žilinský;SK031;Kysucké Nové Mesto;SK0314;1;štátna;regionálny úrad školskej správy;
ŠVVP;ŠMŠ;MŠ;ŠMŠ;Žilinský;SK031;Liptovský Mikuláš;SK0315;3;štátna;regionálny úrad školskej správy;
ŠVVP;ŠMŠ;MŠ;ŠMŠ;Žilinský;SK031;Martin;SK0316;2;súkromná;súkromník;
ŠVVP;ŠMŠ;MŠ;ŠMŠ;Žilinský;SK031;Martin;SK0316;1;štátna;regionálny úrad školskej správy;
ŠVVP;ŠMŠ;MŠ;ŠMŠ;Žilinský;SK031;Námestovo;SK0317;1;štátna;regionálny úrad školskej správy;
ŠVVP;ŠMŠ;MŠ;ŠMŠ;Žilinský;SK031;Ružomberok;SK0318;1;súkromná;súkromník;
ŠVVP;ŠMŠ;MŠ;ŠMŠ;Žilinský;SK031;Ružomberok;SK0318;1;štátna;regionálny úrad školskej správy;
ŠVVP;ŠMŠ;MŠ;ŠMŠ;Žilinský;SK031;Tvrdošín;SK031A;1;štátna;regionálny úrad školskej správy;
ŠVVP;ŠMŠ;MŠ;ŠMŠ;Žilinský;SK031;Žilina;SK031B;1;súkromná;súkromník;
ŠVVP;ŠMŠ;MŠ;ŠMŠ;Žilinský;SK031;Žilina;SK031B;2;štátna;regionálny úrad školskej správy;
ŠVVP;ŠSOŠ;SŠ;ŠSŠ;Banskobystrický;SK032;Revúca;SK0328;1;štátna;regionálny úrad školskej správy;
ŠVVP;ŠSOŠ;SŠ;ŠSŠ;Banskobystrický;SK032;Žiar nad Hronom;SK032D;1;štátna;regionálny úrad školskej správy;
ŠVVP;ŠSOŠ;SŠ;ŠSŠ;Bratislavský;SK010;Bratislava II;SK0102;1;štátna;regionálny úrad školskej správy;
ŠVVP;ŠSOŠ;SŠ;ŠSŠ;Bratislavský;SK010;Bratislava IV;SK0104;1;štátna;iný orgán štátnej správy;
ŠVVP;ŠSOŠ;SŠ;ŠSŠ;Bratislavský;SK010;Bratislava IV;SK0104;1;štátna;regionálny úrad školskej správy;
ŠVVP;ŠSOŠ;SŠ;ŠSŠ;Bratislavský;SK010;Bratislava V;SK0105;1;štátna;regionálny úrad školskej správy;
ŠVVP;ŠSOŠ;SŠ;ŠSŠ;Bratislavský;SK010;Malacky;SK0106;1;štátna;regionálny úrad školskej správy;
ŠVVP;ŠSOŠ;SŠ;ŠSŠ;Košický;SK042;Košice IV;SK0425;2;štátna;regionálny úrad školskej správy;
ŠVVP;ŠSOŠ;SŠ;ŠSŠ;Nitriansky;SK023;Zlaté Moravce;SK0237;1;štátna;regionálny úrad školskej správy;
ŠVVP;ŠSOŠ;SŠ;ŠSŠ;Prešovský;SK041;Levoča;SK0414;3;štátna;regionálny úrad školskej správy;
ŠVVP;ŠSOŠ;SŠ;ŠSŠ;Prešovský;SK041;Prešov;SK0417;1;štátna;regionálny úrad školskej správy;
ŠVVP;ŠSOŠ;SŠ;ŠSŠ;Trnavský;SK021;Hlohovec;SK0213;1;štátna;regionálny úrad školskej správy;
ŠVVP;ŠSOŠ;SŠ;ŠSŠ;Žilinský;SK031;Žilina;SK031B;1;štátna;regionálny úrad školskej správy;
ŠUP;ŠUP;SŠ;ŠUP;Banskobystrický;SK032;Banská Štiavnica;SK0322;1;štátna;samosprávny kraj ;
ŠUP;ŠUP;SŠ;ŠUP;Banskobystrický;SK032;Zvolen;SK032B;2;súkromná;súkromník;
ŠUP;ŠUP;SŠ;ŠUP;Banskobystrický;SK032;Žarnovica;SK032C;1;súkromná;súkromník;
ŠUP;ŠUP;SŠ;ŠUP;Banskobystrický;SK032;Žiar nad Hronom;SK032D;1;súkromná;súkromník;
ŠUP;ŠUP;SŠ;ŠUP;Bratislavský;SK010;Bratislava II;SK0102;2;súkromná;súkromník;
ŠUP;ŠUP;SŠ;ŠUP;Bratislavský;SK010;Bratislava II;SK0102;2;štátna;samosprávny kraj ;
ŠUP;ŠUP;SŠ;ŠUP;Bratislavský;SK010;Bratislava IV;SK0104;2;štátna;samosprávny kraj ;
ŠUP;ŠUP;SŠ;ŠUP;Bratislavský;SK010;Bratislava V;SK0105;1;súkromná;súkromník;
ŠUP;ŠUP;SŠ;ŠUP;Košický;SK042;Košice I;SK0422;1;štátna;samosprávny kraj ;
ŠUP;ŠUP;SŠ;ŠUP;Košický;SK042;Košice II;SK0423;1;súkromná;súkromník;
ŠUP;ŠUP;SŠ;ŠUP;Nitriansky;SK023;Komárno;SK0231;1;súkromná;súkromník;
ŠUP;ŠUP;SŠ;ŠUP;Nitriansky;SK023;Levice;SK0232;1;štátna;samosprávny kraj ;
ŠUP;ŠUP;SŠ;ŠUP;Nitriansky;SK023;Nitra;SK0233;1;súkromná;súkromník;
ŠUP;ŠUP;SŠ;ŠUP;Nitriansky;SK023;Topoľčany;SK0236;1;súkromná;súkromník;
ŠUP;ŠUP;SŠ;ŠUP;Prešovský;SK041;Kežmarok;SK0413;1;štátna;samosprávny kraj ;
ŠUP;ŠUP;SŠ;ŠUP;Prešovský;SK041;Prešov;SK0417;1;štátna;samosprávny kraj ;
ŠUP;ŠUP;SŠ;ŠUP;Prešovský;SK041;Svidník;SK041C;1;štátna;samosprávny kraj ;
ŠUP;ŠUP;SŠ;ŠUP;Trenčiansky;SK022;Trenčín;SK0229;1;súkromná;súkromník;
ŠUP;ŠUP;SŠ;ŠUP;Trenčiansky;SK022;Trenčín;SK0229;1;štátna;samosprávny kraj ;
ŠUP;ŠUP;SŠ;ŠUP;Trnavský;SK021;Hlohovec;SK0213;1;štátna;samosprávny kraj ;
ŠUP;ŠUP;SŠ;ŠUP;Žilinský;SK031;Martin;SK0316;1;súkromná;súkromník;
ŠUP;ŠUP;SŠ;ŠUP;Žilinský;SK031;Ružomberok;SK0318;1;štátna;samosprávny kraj ;
ŠUP;ŠUP;SŠ;ŠUP;Žilinský;SK031;Tvrdošín;SK031A;1;štátna;samosprávny kraj ;
ŠUP;ŠUP;SŠ;ŠUP;Žilinský;SK031;Žilina;SK031B;1;súkromná;súkromník;
ŠVVP;ŠZŠ;ZŠ;ŠZŠ;Banskobystrický;SK032;Banská Bystrica;SK0321;2;štátna;regionálny úrad školskej správy;
ŠVVP;ŠZŠ;ZŠ;ŠZŠ;Banskobystrický;SK032;Banská Štiavnica;SK0322;1;štátna;regionálny úrad školskej správy;
ŠVVP;ŠZŠ;ZŠ;ŠZŠ;Banskobystrický;SK032;Brezno;SK0323;4;štátna;regionálny úrad školskej správy;
ŠVVP;ŠZŠ;ZŠ;ŠZŠ;Banskobystrický;SK032;Detva;SK0324;1;súkromná;súkromník;
ŠVVP;ŠZŠ;ZŠ;ŠZŠ;Banskobystrický;SK032;Detva;SK0324;1;štátna;regionálny úrad školskej správy;
ŠVVP;ŠZŠ;ZŠ;ŠZŠ;Banskobystrický;SK032;Krupina;SK0325;1;štátna;regionálny úrad školskej správy;
ŠVVP;ŠZŠ;ZŠ;ŠZŠ;Banskobystrický;SK032;Lučenec;SK0326;4;štátna;regionálny úrad školskej správy;
ŠVVP;ŠZŠ;ZŠ;ŠZŠ;Banskobystrický;SK032;Revúca;SK0328;3;štátna;regionálny úrad školskej správy;
ŠVVP;ŠZŠ;ZŠ;ŠZŠ;Banskobystrický;SK032;Rimavská Sobota;SK0329;7;štátna;regionálny úrad školskej správy;
ŠVVP;ŠZŠ;ZŠ;ŠZŠ;Banskobystrický;SK032;Veľký Krtíš;SK032A;1;štátna;regionálny úrad školskej správy;
ŠVVP;ŠZŠ;ZŠ;ŠZŠ;Banskobystrický;SK032;Zvolen;SK032B;1;súkromná;súkromník;
ŠVVP;ŠZŠ;ZŠ;ŠZŠ;Banskobystrický;SK032;Zvolen;SK032B;3;štátna;regionálny úrad školskej správy;
ŠVVP;ŠZŠ;ZŠ;ŠZŠ;Banskobystrický;SK032;Žarnovica;SK032C;3;štátna;regionálny úrad školskej správy;
ŠVVP;ŠZŠ;ZŠ;ŠZŠ;Banskobystrický;SK032;Žiar nad Hronom;SK032D;7;štátna;regionálny úrad školskej správy;
ŠVVP;ŠZŠ;ZŠ;ŠZŠ;Bratislavský;SK010;Bratislava I;SK0101;1;súkromná;súkromník;
ŠVVP;ŠZŠ;ZŠ;ŠZŠ;Bratislavský;SK010;Bratislava I;SK0101;2;štátna;regionálny úrad školskej správy;
ŠVVP;ŠZŠ;ZŠ;ŠZŠ;Bratislavský;SK010;Bratislava II;SK0102;1;súkromná;súkromník;
ŠVVP;ŠZŠ;ZŠ;ŠZŠ;Bratislavský;SK010;Bratislava II;SK0102;1;štátna;regionálny úrad školskej správy;
ŠVVP;ŠZŠ;ZŠ;ŠZŠ;Bratislavský;SK010;Bratislava III;SK0103;7;štátna;regionálny úrad školskej správy;
ŠVVP;ŠZŠ;ZŠ;ŠZŠ;Bratislavský;SK010;Bratislava III;SK0103;1;štátna;samosprávny kraj ;
ŠVVP;ŠZŠ;ZŠ;ŠZŠ;Bratislavský;SK010;Bratislava IV;SK0104;1;súkromná;súkromník;
ŠVVP;ŠZŠ;ZŠ;ŠZŠ;Bratislavský;SK010;Bratislava IV;SK0104;6;štátna;regionálny úrad školskej správy;
ŠVVP;ŠZŠ;ZŠ;ŠZŠ;Bratislavský;SK010;Bratislava V;SK0105;1;súkromná;súkromník;
ŠVVP;ŠZŠ;ZŠ;ŠZŠ;Bratislavský;SK010;Bratislava V;SK0105;2;štátna;regionálny úrad školskej správy;
ŠVVP;ŠZŠ;ZŠ;ŠZŠ;Bratislavský;SK010;Malacky;SK0106;2;štátna;regionálny úrad školskej správy;
ŠVVP;ŠZŠ;ZŠ;ŠZŠ;Bratislavský;SK010;Pezinok;SK0107;1;štátna;regionálny úrad školskej správy;
ŠVVP;ŠZŠ;ZŠ;ŠZŠ;Bratislavský;SK010;Senec;SK0108;1;súkromná;súkromník;
ŠVVP;ŠZŠ;ZŠ;ŠZŠ;Bratislavský;SK010;Senec;SK0108;1;štátna;regionálny úrad školskej správy;
ŠVVP;ŠZŠ;ZŠ;ŠZŠ;Košický;SK042;Gelnica;SK0421;4;štátna;regionálny úrad školskej správy;
ŠVVP;ŠZŠ;ZŠ;ŠZŠ;Košický;SK042;Košice - okolie;SK0426;1;súkromná;súkromník;
ŠVVP;ŠZŠ;ZŠ;ŠZŠ;Košický;SK042;Košice - okolie;SK0426;3;štátna;regionálny úrad školskej správy;
ŠVVP;ŠZŠ;ZŠ;ŠZŠ;Košický;SK042;Košice I;SK0422;1;súkromná;súkromník;
ŠVVP;ŠZŠ;ZŠ;ŠZŠ;Košický;SK042;Košice I;SK0422;6;štátna;regionálny úrad školskej správy;
ŠVVP;ŠZŠ;ZŠ;ŠZŠ;Košický;SK042;Košice II;SK0423;1;súkromná;súkromník;
ŠVVP;ŠZŠ;ZŠ;ŠZŠ;Košický;SK042;Košice II;SK0423;2;štátna;regionálny úrad školskej správy;
ŠVVP;ŠZŠ;ZŠ;ŠZŠ;Košický;SK042;Košice III;SK0424;1;súkromná;súkromník;
ŠVVP;ŠZŠ;ZŠ;ŠZŠ;Košický;SK042;Košice IV;SK0425;6;štátna;regionálny úrad školskej správy;
ŠVVP;ŠZŠ;ZŠ;ŠZŠ;Košický;SK042;Michalovce;SK0427;1;súkromná;súkromník;
ŠVVP;ŠZŠ;ZŠ;ŠZŠ;Košický;SK042;Michalovce;SK0427;6;štátna;regionálny úrad školskej správy;
ŠVVP;ŠZŠ;ZŠ;ŠZŠ;Košický;SK042;Rožňava;SK0428;2;štátna;regionálny úrad školskej správy;
ŠVVP;ŠZŠ;ZŠ;ŠZŠ;Košický;SK042;Sobrance;SK0429;1;štátna;regionálny úrad školskej správy;
ŠVVP;ŠZŠ;ZŠ;ŠZŠ;Košický;SK042;Spišská Nová Ves;SK042A;2;cirkevná;cirkev, náboženská spoločnosť;
ŠVVP;ŠZŠ;ZŠ;ŠZŠ;Košický;SK042;Spišská Nová Ves;SK042A;12;štátna;regionálny úrad školskej správy;
ŠVVP;ŠZŠ;ZŠ;ŠZŠ;Košický;SK042;Trebišov;SK042B;8;štátna;regionálny úrad školskej správy;
ŠVVP;ŠZŠ;ZŠ;ŠZŠ;Nitriansky;SK023;Komárno;SK0231;4;štátna;regionálny úrad školskej správy;
ŠVVP;ŠZŠ;ZŠ;ŠZŠ;Nitriansky;SK023;Levice;SK0232;4;štátna;regionálny úrad školskej správy;
ŠVVP;ŠZŠ;ZŠ;ŠZŠ;Nitriansky;SK023;Nitra;SK0233;1;súkromná;súkromník;
ŠVVP;ŠZŠ;ZŠ;ŠZŠ;Nitriansky;SK023;Nitra;SK0233;6;štátna;regionálny úrad školskej správy;
ŠVVP;ŠZŠ;ZŠ;ŠZŠ;Nitriansky;SK023;Nové Zámky;SK0234;2;súkromná;súkromník;
ŠVVP;ŠZŠ;ZŠ;ŠZŠ;Nitriansky;SK023;Nové Zámky;SK0234;4;štátna;regionálny úrad školskej správy;
ŠVVP;ŠZŠ;ZŠ;ŠZŠ;Nitriansky;SK023;Šaľa;SK0235;1;štátna;regionálny úrad školskej správy;
ŠVVP;ŠZŠ;ZŠ;ŠZŠ;Nitriansky;SK023;Topoľčany;SK0236;3;štátna;regionálny úrad školskej správy;
ŠVVP;ŠZŠ;ZŠ;ŠZŠ;Nitriansky;SK023;Zlaté Moravce;SK0237;2;štátna;regionálny úrad školskej správy;
ŠVVP;ŠZŠ;ZŠ;ŠZŠ;Prešovský;SK041;Bardejov;SK0411;3;štátna;regionálny úrad školskej správy;
ŠVVP;ŠZŠ;ZŠ;ŠZŠ;Prešovský;SK041;Humenné;SK0412;3;štátna;regionálny úrad školskej správy;
ŠVVP;ŠZŠ;ZŠ;ŠZŠ;Prešovský;SK041;Kežmarok;SK0413;5;štátna;regionálny úrad školskej správy;
ŠVVP;ŠZŠ;ZŠ;ŠZŠ;Prešovský;SK041;Levoča;SK0414;5;cirkevná;cirkev, náboženská spoločnosť;
ŠVVP;ŠZŠ;ZŠ;ŠZŠ;Prešovský;SK041;Levoča;SK0414;5;štátna;regionálny úrad školskej správy;
ŠVVP;ŠZŠ;ZŠ;ŠZŠ;Prešovský;SK041;Medzilaborce;SK0415;1;štátna;regionálny úrad školskej správy;
ŠVVP;ŠZŠ;ZŠ;ŠZŠ;Prešovský;SK041;Poprad;SK0416;1;súkromná;súkromník;
ŠVVP;ŠZŠ;ZŠ;ŠZŠ;Prešovský;SK041;Poprad;SK0416;4;štátna;regionálny úrad školskej správy;
ŠVVP;ŠZŠ;ZŠ;ŠZŠ;Prešovský;SK041;Prešov;SK0417;1;cirkevná;cirkev, náboženská spoločnosť;
ŠVVP;ŠZŠ;ZŠ;ŠZŠ;Prešovský;SK041;Prešov;SK0417;3;súkromná;súkromník;
ŠVVP;ŠZŠ;ZŠ;ŠZŠ;Prešovský;SK041;Prešov;SK0417;10;štátna;regionálny úrad školskej správy;
ŠVVP;ŠZŠ;ZŠ;ŠZŠ;Prešovský;SK041;Sabinov;SK0418;4;štátna;regionálny úrad školskej správy;
ŠVVP;ŠZŠ;ZŠ;ŠZŠ;Prešovský;SK041;Snina;SK0419;2;štátna;regionálny úrad školskej správy;
ŠVVP;ŠZŠ;ZŠ;ŠZŠ;Prešovský;SK041;Stará Ľubovňa;SK041A;3;cirkevná;cirkev, náboženská spoločnosť;
ŠVVP;ŠZŠ;ZŠ;ŠZŠ;Prešovský;SK041;Svidník;SK041C;1;štátna;regionálny úrad školskej správy;
ŠVVP;ŠZŠ;ZŠ;ŠZŠ;Prešovský;SK041;Vranov nad Topľou;SK041D;5;štátna;regionálny úrad školskej správy;
ŠVVP;ŠZŠ;ZŠ;ŠZŠ;Trenčiansky;SK022;Bánovce nad Bebravou;SK0221;2;štátna;regionálny úrad školskej správy;
ŠVVP;ŠZŠ;ZŠ;ŠZŠ;Trenčiansky;SK022;Ilava;SK0222;2;štátna;regionálny úrad školskej správy;
ŠVVP;ŠZŠ;ZŠ;ŠZŠ;Trenčiansky;SK022;Myjava;SK0223;2;štátna;regionálny úrad školskej správy;
ŠVVP;ŠZŠ;ZŠ;ŠZŠ;Trenčiansky;SK022;Nové Mesto nad Váhom;SK0224;1;štátna;regionálny úrad školskej správy;
ŠVVP;ŠZŠ;ZŠ;ŠZŠ;Trenčiansky;SK022;Partizánske;SK0225;1;štátna;regionálny úrad školskej správy;
ŠVVP;ŠZŠ;ZŠ;ŠZŠ;Trenčiansky;SK022;Považská Bystrica;SK0226;2;štátna;regionálny úrad školskej správy;
ŠVVP;ŠZŠ;ZŠ;ŠZŠ;Trenčiansky;SK022;Prievidza;SK0227;1;súkromná;súkromník;
ŠVVP;ŠZŠ;ZŠ;ŠZŠ;Trenčiansky;SK022;Prievidza;SK0227;2;štátna;regionálny úrad školskej správy;
ŠVVP;ŠZŠ;ZŠ;ŠZŠ;Trenčiansky;SK022;Púchov;SK0228;1;štátna;regionálny úrad školskej správy;
ŠVVP;ŠZŠ;ZŠ;ŠZŠ;Trenčiansky;SK022;Trenčín;SK0229;1;súkromná;súkromník;
ŠVVP;ŠZŠ;ZŠ;ŠZŠ;Trenčiansky;SK022;Trenčín;SK0229;2;štátna;regionálny úrad školskej správy;
ŠVVP;ŠZŠ;ZŠ;ŠZŠ;Trnavský;SK021;Dunajská Streda;SK0211;7;štátna;regionálny úrad školskej správy;
ŠVVP;ŠZŠ;ZŠ;ŠZŠ;Trnavský;SK021;Galanta;SK0212;4;štátna;regionálny úrad školskej správy;
ŠVVP;ŠZŠ;ZŠ;ŠZŠ;Trnavský;SK021;Hlohovec;SK0213;1;štátna;regionálny úrad školskej správy;
ŠVVP;ŠZŠ;ZŠ;ŠZŠ;Trnavský;SK021;Piešťany;SK0214;3;štátna;regionálny úrad školskej správy;
ŠVVP;ŠZŠ;ZŠ;ŠZŠ;Trnavský;SK021;Senica;SK0215;3;štátna;regionálny úrad školskej správy;
ŠVVP;ŠZŠ;ZŠ;ŠZŠ;Trnavský;SK021;Skalica;SK0216;3;štátna;regionálny úrad školskej správy;
ŠVVP;ŠZŠ;ZŠ;ŠZŠ;Trnavský;SK021;Trnava;SK0217;6;štátna;regionálny úrad školskej správy;
ŠVVP;ŠZŠ;ZŠ;ŠZŠ;Žilinský;SK031;Bytča;SK0311;2;štátna;regionálny úrad školskej správy;
ŠVVP;ŠZŠ;ZŠ;ŠZŠ;Žilinský;SK031;Čadca;SK0312;2;cirkevná;cirkev, náboženská spoločnosť;
ŠVVP;ŠZŠ;ZŠ;ŠZŠ;Žilinský;SK031;Čadca;SK0312;4;štátna;regionálny úrad školskej správy;
ŠVVP;ŠZŠ;ZŠ;ŠZŠ;Žilinský;SK031;Dolný Kubín;SK0313;2;štátna;regionálny úrad školskej správy;
ŠVVP;ŠZŠ;ZŠ;ŠZŠ;Žilinský;SK031;Kysucké Nové Mesto;SK0314;1;štátna;regionálny úrad školskej správy;
ŠVVP;ŠZŠ;ZŠ;ŠZŠ;Žilinský;SK031;Liptovský Mikuláš;SK0315;4;štátna;regionálny úrad školskej správy;
ŠVVP;ŠZŠ;ZŠ;ŠZŠ;Žilinský;SK031;Martin;SK0316;3;súkromná;súkromník;
ŠVVP;ŠZŠ;ZŠ;ŠZŠ;Žilinský;SK031;Martin;SK0316;3;štátna;regionálny úrad školskej správy;
ŠVVP;ŠZŠ;ZŠ;ŠZŠ;Žilinský;SK031;Námestovo;SK0317;1;štátna;regionálny úrad školskej správy;
ŠVVP;ŠZŠ;ZŠ;ŠZŠ;Žilinský;SK031;Ružomberok;SK0318;4;štátna;regionálny úrad školskej správy;
ŠVVP;ŠZŠ;ZŠ;ŠZŠ;Žilinský;SK031;Tvrdošín;SK031A;1;štátna;regionálny úrad školskej správy;
ŠVVP;ŠZŠ;ZŠ;ŠZŠ;Žilinský;SK031;Žilina;SK031B;1;súkromná;súkromník;
ŠVVP;ŠZŠ;ZŠ;ŠZŠ;Žilinský;SK031;Žilina;SK031B;4;štátna;regionálny úrad školskej správy;
ZŠ;ZŠ;ZŠ;ZŠ;Banskobystrický;SK032;Banská Bystrica;SK0321;2;cirkevná;cirkev, náboženská spoločnosť;
ZŠ;ZŠ;ZŠ;ZŠ;Banskobystrický;SK032;Banská Bystrica;SK0321;5;súkromná;súkromník;
ZŠ;ZŠ;ZŠ;ZŠ;Banskobystrický;SK032;Banská Bystrica;SK0321;27;štátna;obec, mesto;
ZŠ;ZŠ;ZŠ;ZŠ;Banskobystrický;SK032;Banská Štiavnica;SK0322;1;cirkevná;cirkev, náboženská spoločnosť;
ZŠ;ZŠ;ZŠ;ZŠ;Banskobystrický;SK032;Banská Štiavnica;SK0322;2;súkromná;súkromník;
ZŠ;ZŠ;ZŠ;ZŠ;Banskobystrický;SK032;Banská Štiavnica;SK0322;6;štátna;obec, mesto;
ZŠ;ZŠ;ZŠ;ZŠ;Banskobystrický;SK032;Brezno;SK0323;19;štátna;obec, mesto;
ZŠ;ZŠ;ZŠ;ZŠ;Banskobystrický;SK032;Detva;SK0324;11;štátna;obec, mesto;
ZŠ;ZŠ;ZŠ;ZŠ;Banskobystrický;SK032;Krupina;SK0325;12;štátna;obec, mesto;
ZŠ;ZŠ;ZŠ;ZŠ;Banskobystrický;SK032;Lučenec;SK0326;1;cirkevná;cirkev, náboženská spoločnosť;
ZŠ;ZŠ;ZŠ;ZŠ;Banskobystrický;SK032;Lučenec;SK0326;3;súkromná;súkromník;
ZŠ;ZŠ;ZŠ;ZŠ;Banskobystrický;SK032;Lučenec;SK0326;35;štátna;obec, mesto;
ZŠ;ZŠ;ZŠ;ZŠ;Banskobystrický;SK032;Poltár;SK0327;10;štátna;obec, mesto;
ZŠ;ZŠ;ZŠ;ZŠ;Banskobystrický;SK032;Revúca;SK0328;16;štátna;obec, mesto;
ZŠ;ZŠ;ZŠ;ZŠ;Banskobystrický;SK032;Rimavská Sobota;SK0329;2;cirkevná;cirkev, náboženská spoločnosť;
ZŠ;ZŠ;ZŠ;ZŠ;Banskobystrický;SK032;Rimavská Sobota;SK0329;1;súkromná;súkromník;
ZŠ;ZŠ;ZŠ;ZŠ;Banskobystrický;SK032;Rimavská Sobota;SK0329;47;štátna;obec, mesto;
ZŠ;ZŠ;ZŠ;ZŠ;Banskobystrický;SK032;Veľký Krtíš;SK032A;19;štátna;obec, mesto;
ZŠ;ZŠ;ZŠ;ZŠ;Banskobystrický;SK032;Zvolen;SK032B;1;cirkevná;cirkev, náboženská spoločnosť;
ZŠ;ZŠ;ZŠ;ZŠ;Banskobystrický;SK032;Zvolen;SK032B;3;súkromná;súkromník;
ZŠ;ZŠ;ZŠ;ZŠ;Banskobystrický;SK032;Zvolen;SK032B;14;štátna;obec, mesto;
ZŠ;ZŠ;ZŠ;ZŠ;Banskobystrický;SK032;Žarnovica;SK032C;2;cirkevná;cirkev, náboženská spoločnosť;
ZŠ;ZŠ;ZŠ;ZŠ;Banskobystrický;SK032;Žarnovica;SK032C;9;štátna;obec, mesto;
ZŠ;ZŠ;ZŠ;ZŠ;Banskobystrický;SK032;Žiar nad Hronom;SK032D;1;cirkevná;cirkev, náboženská spoločnosť;
ZŠ;ZŠ;ZŠ;ZŠ;Banskobystrický;SK032;Žiar nad Hronom;SK032D;1;súkromná;súkromník;
ZŠ;ZŠ;ZŠ;ZŠ;Banskobystrický;SK032;Žiar nad Hronom;SK032D;16;štátna;obec, mesto;
ZŠ;ZŠ;ZŠ;ZŠ;Bratislavský;SK010;Bratislava I;SK0101;3;cirkevná;cirkev, náboženská spoločnosť;
ZŠ;ZŠ;ZŠ;ZŠ;Bratislavský;SK010;Bratislava I;SK0101;8;súkromná;súkromník;
ZŠ;ZŠ;ZŠ;ZŠ;Bratislavský;SK010;Bratislava I;SK0101;7;štátna;obec, mesto;
ZŠ;ZŠ;ZŠ;ZŠ;Bratislavský;SK010;Bratislava I;SK0101;1;štátna;samosprávny kraj ;
ZŠ;ZŠ;ZŠ;ZŠ;Bratislavský;SK010;Bratislava II;SK0102;1;cirkevná;cirkev, náboženská spoločnosť;
ZŠ;ZŠ;ZŠ;ZŠ;Bratislavský;SK010;Bratislava II;SK0102;5;súkromná;súkromník;
ZŠ;ZŠ;ZŠ;ZŠ;Bratislavský;SK010;Bratislava II;SK0102;16;štátna;obec, mesto;
ZŠ;ZŠ;ZŠ;ZŠ;Bratislavský;SK010;Bratislava II;SK0102;2;štátna;regionálny úrad školskej správy;
ZŠ;ZŠ;ZŠ;ZŠ;Bratislavský;SK010;Bratislava II;SK0102;1;štátna;samosprávny kraj ;
ZŠ;ZŠ;ZŠ;ZŠ;Bratislavský;SK010;Bratislava III;SK0103;2;cirkevná;cirkev, náboženská spoločnosť;
ZŠ;ZŠ;ZŠ;ZŠ;Bratislavský;SK010;Bratislava III;SK0103;4;súkromná;súkromník;
ZŠ;ZŠ;ZŠ;ZŠ;Bratislavský;SK010;Bratislava III;SK0103;13;štátna;obec, mesto;
ZŠ;ZŠ;ZŠ;ZŠ;Bratislavský;SK010;Bratislava IV;SK0104;1;cirkevná;cirkev, náboženská spoločnosť;
ZŠ;ZŠ;ZŠ;ZŠ;Bratislavský;SK010;Bratislava IV;SK0104;7;súkromná;súkromník;
ZŠ;ZŠ;ZŠ;ZŠ;Bratislavský;SK010;Bratislava IV;SK0104;11;štátna;obec, mesto;
ZŠ;ZŠ;ZŠ;ZŠ;Bratislavský;SK010;Bratislava V;SK0105;2;cirkevná;cirkev, náboženská spoločnosť;
ZŠ;ZŠ;ZŠ;ZŠ;Bratislavský;SK010;Bratislava V;SK0105;11;súkromná;súkromník;
ZŠ;ZŠ;ZŠ;ZŠ;Bratislavský;SK010;Bratislava V;SK0105;13;štátna;obec, mesto;
ZŠ;ZŠ;ZŠ;ZŠ;Bratislavský;SK010;Bratislava V;SK0105;1;štátna;samosprávny kraj ;
ZŠ;ZŠ;ZŠ;ZŠ;Bratislavský;SK010;Malacky;SK0106;1;cirkevná;cirkev, náboženská spoločnosť;
ZŠ;ZŠ;ZŠ;ZŠ;Bratislavský;SK010;Malacky;SK0106;1;súkromná;súkromník;
ZŠ;ZŠ;ZŠ;ZŠ;Bratislavský;SK010;Malacky;SK0106;23;štátna;obec, mesto;
ZŠ;ZŠ;ZŠ;ZŠ;Bratislavský;SK010;Pezinok;SK0107;5;súkromná;súkromník;
ZŠ;ZŠ;ZŠ;ZŠ;Bratislavský;SK010;Pezinok;SK0107;19;štátna;obec, mesto;
ZŠ;ZŠ;ZŠ;ZŠ;Bratislavský;SK010;Senec;SK0108;4;súkromná;súkromník;
ZŠ;ZŠ;ZŠ;ZŠ;Bratislavský;SK010;Senec;SK0108;27;štátna;obec, mesto;
ZŠ;ZŠ;ZŠ;ZŠ;Košický;SK042;Gelnica;SK0421;12;štátna;obec, mesto;
ZŠ;ZŠ;ZŠ;ZŠ;Košický;SK042;Gelnica;SK0421;1;štátna;regionálny úrad školskej správy;
ZŠ;ZŠ;ZŠ;ZŠ;Košický;SK042;Košice - okolie;SK0426;2;cirkevná;cirkev, náboženská spoločnosť;
ZŠ;ZŠ;ZŠ;ZŠ;Košický;SK042;Košice - okolie;SK0426;1;súkromná;súkromník;
ZŠ;ZŠ;ZŠ;ZŠ;Košický;SK042;Košice - okolie;SK0426;58;štátna;obec, mesto;
ZŠ;ZŠ;ZŠ;ZŠ;Košický;SK042;Košice I;SK0422;1;cirkevná;cirkev, náboženská spoločnosť;
ZŠ;ZŠ;ZŠ;ZŠ;Košický;SK042;Košice I;SK0422;3;súkromná;súkromník;
ZŠ;ZŠ;ZŠ;ZŠ;Košický;SK042;Košice I;SK0422;9;štátna;obec, mesto;
ZŠ;ZŠ;ZŠ;ZŠ;Košický;SK042;Košice I;SK0422;1;štátna;samosprávny kraj ;
ZŠ;ZŠ;ZŠ;ZŠ;Košický;SK042;Košice II;SK0423;2;cirkevná;cirkev, náboženská spoločnosť;
ZŠ;ZŠ;ZŠ;ZŠ;Košický;SK042;Košice II;SK0423;5;súkromná;súkromník;
ZŠ;ZŠ;ZŠ;ZŠ;Košický;SK042;Košice II;SK0423;12;štátna;obec, mesto;
ZŠ;ZŠ;ZŠ;ZŠ;Košický;SK042;Košice III;SK0424;1;súkromná;súkromník;
ZŠ;ZŠ;ZŠ;ZŠ;Košický;SK042;Košice III;SK0424;5;štátna;obec, mesto;
ZŠ;ZŠ;ZŠ;ZŠ;Košický;SK042;Košice IV;SK0425;1;cirkevná;cirkev, náboženská spoločnosť;
ZŠ;ZŠ;ZŠ;ZŠ;Košický;SK042;Košice IV;SK0425;5;súkromná;súkromník;
ZŠ;ZŠ;ZŠ;ZŠ;Košický;SK042;Košice IV;SK0425;8;štátna;obec, mesto;
ZŠ;ZŠ;ZŠ;ZŠ;Košický;SK042;Michalovce;SK0427;2;cirkevná;cirkev, náboženská spoločnosť;
ZŠ;ZŠ;ZŠ;ZŠ;Košický;SK042;Michalovce;SK0427;41;štátna;obec, mesto;
ZŠ;ZŠ;ZŠ;ZŠ;Košický;SK042;Rožňava;SK0428;3;cirkevná;cirkev, náboženská spoločnosť;
ZŠ;ZŠ;ZŠ;ZŠ;Košický;SK042;Rožňava;SK0428;30;štátna;obec, mesto;
ZŠ;ZŠ;ZŠ;ZŠ;Košický;SK042;Sobrance;SK0429;11;štátna;obec, mesto;
ZŠ;ZŠ;ZŠ;ZŠ;Košický;SK042;Spišská Nová Ves;SK042A;5;cirkevná;cirkev, náboženská spoločnosť;
ZŠ;ZŠ;ZŠ;ZŠ;Košický;SK042;Spišská Nová Ves;SK042A;29;štátna;obec, mesto;
ZŠ;ZŠ;ZŠ;ZŠ;Košický;SK042;Trebišov;SK042B;3;cirkevná;cirkev, náboženská spoločnosť;
ZŠ;ZŠ;ZŠ;ZŠ;Košický;SK042;Trebišov;SK042B;49;štátna;obec, mesto;
ZŠ;ZŠ;ZŠ;ZŠ;Nitriansky;SK023;Komárno;SK0231;3;cirkevná;cirkev, náboženská spoločnosť;
ZŠ;ZŠ;ZŠ;ZŠ;Nitriansky;SK023;Komárno;SK0231;39;štátna;obec, mesto;
ZŠ;ZŠ;ZŠ;ZŠ;Nitriansky;SK023;Levice;SK0232;6;cirkevná;cirkev, náboženská spoločnosť;
ZŠ;ZŠ;ZŠ;ZŠ;Nitriansky;SK023;Levice;SK0232;43;štátna;obec, mesto;
ZŠ;ZŠ;ZŠ;ZŠ;Nitriansky;SK023;Nitra;SK0233;5;cirkevná;cirkev, náboženská spoločnosť;
ZŠ;ZŠ;ZŠ;ZŠ;Nitriansky;SK023;Nitra;SK0233;3;súkromná;súkromník;
ZŠ;ZŠ;ZŠ;ZŠ;Nitriansky;SK023;Nitra;SK0233;53;štátna;obec, mesto;
ZŠ;ZŠ;ZŠ;ZŠ;Nitriansky;SK023;Nové Zámky;SK0234;2;cirkevná;cirkev, náboženská spoločnosť;
ZŠ;ZŠ;ZŠ;ZŠ;Nitriansky;SK023;Nové Zámky;SK0234;50;štátna;obec, mesto;
ZŠ;ZŠ;ZŠ;ZŠ;Nitriansky;SK023;Šaľa;SK0235;1;súkromná;súkromník;
ZŠ;ZŠ;ZŠ;ZŠ;Nitriansky;SK023;Šaľa;SK0235;23;štátna;obec, mesto;
ZŠ;ZŠ;ZŠ;ZŠ;Nitriansky;SK023;Topoľčany;SK0236;2;cirkevná;cirkev, náboženská spoločnosť;
ZŠ;ZŠ;ZŠ;ZŠ;Nitriansky;SK023;Topoľčany;SK0236;22;štátna;obec, mesto;
ZŠ;ZŠ;ZŠ;ZŠ;Nitriansky;SK023;Zlaté Moravce;SK0237;2;cirkevná;cirkev, náboženská spoločnosť;
ZŠ;ZŠ;ZŠ;ZŠ;Nitriansky;SK023;Zlaté Moravce;SK0237;20;štátna;obec, mesto;
ZŠ;ZŠ;ZŠ;ZŠ;Prešovský;SK041;Bardejov;SK0411;3;cirkevná;cirkev, náboženská spoločnosť;
ZŠ;ZŠ;ZŠ;ZŠ;Prešovský;SK041;Bardejov;SK0411;1;súkromná;súkromník;
ZŠ;ZŠ;ZŠ;ZŠ;Prešovský;SK041;Bardejov;SK0411;47;štátna;obec, mesto;
ZŠ;ZŠ;ZŠ;ZŠ;Prešovský;SK041;Humenné;SK0412;1;cirkevná;cirkev, náboženská spoločnosť;
ZŠ;ZŠ;ZŠ;ZŠ;Prešovský;SK041;Humenné;SK0412;22;štátna;obec, mesto;
ZŠ;ZŠ;ZŠ;ZŠ;Prešovský;SK041;Kežmarok;SK0413;1;cirkevná;cirkev, náboženská spoločnosť;
ZŠ;ZŠ;ZŠ;ZŠ;Prešovský;SK041;Kežmarok;SK0413;29;štátna;obec, mesto;
ZŠ;ZŠ;ZŠ;ZŠ;Prešovský;SK041;Levoča;SK0414;1;cirkevná;cirkev, náboženská spoločnosť;
ZŠ;ZŠ;ZŠ;ZŠ;Prešovský;SK041;Levoča;SK0414;1;súkromná;súkromník;
ZŠ;ZŠ;ZŠ;ZŠ;Prešovský;SK041;Levoča;SK0414;13;štátna;obec, mesto;
ZŠ;ZŠ;ZŠ;ZŠ;Prešovský;SK041;Medzilaborce;SK0415;3;štátna;obec, mesto;
ZŠ;ZŠ;ZŠ;ZŠ;Prešovský;SK041;Poprad;SK0416;1;cirkevná;cirkev, náboženská spoločnosť;
ZŠ;ZŠ;ZŠ;ZŠ;Prešovský;SK041;Poprad;SK0416;3;súkromná;súkromník;
ZŠ;ZŠ;ZŠ;ZŠ;Prešovský;SK041;Poprad;SK0416;30;štátna;obec, mesto;
ZŠ;ZŠ;ZŠ;ZŠ;Prešovský;SK041;Poprad;SK0416;1;štátna;regionálny úrad školskej správy;
ZŠ;ZŠ;ZŠ;ZŠ;Prešovský;SK041;Prešov;SK0417;6;cirkevná;cirkev, náboženská spoločnosť;
ZŠ;ZŠ;ZŠ;ZŠ;Prešovský;SK041;Prešov;SK0417;4;súkromná;súkromník;
ZŠ;ZŠ;ZŠ;ZŠ;Prešovský;SK041;Prešov;SK0417;60;štátna;obec, mesto;
ZŠ;ZŠ;ZŠ;ZŠ;Prešovský;SK041;Prešov;SK0417;1;štátna;samosprávny kraj ;
ZŠ;ZŠ;ZŠ;ZŠ;Prešovský;SK041;Sabinov;SK0418;2;cirkevná;cirkev, náboženská spoločnosť;
ZŠ;ZŠ;ZŠ;ZŠ;Prešovský;SK041;Sabinov;SK0418;1;súkromná;súkromník;
ZŠ;ZŠ;ZŠ;ZŠ;Prešovský;SK041;Sabinov;SK0418;30;štátna;obec, mesto;
ZŠ;ZŠ;ZŠ;ZŠ;Prešovský;SK041;Snina;SK0419;2;cirkevná;cirkev, náboženská spoločnosť;
ZŠ;ZŠ;ZŠ;ZŠ;Prešovský;SK041;Snina;SK0419;11;štátna;obec, mesto;
ZŠ;ZŠ;ZŠ;ZŠ;Prešovský;SK041;Stará Ľubovňa;SK041A;3;cirkevná;cirkev, náboženská spoločnosť;
ZŠ;ZŠ;ZŠ;ZŠ;Prešovský;SK041;Stará Ľubovňa;SK041A;26;štátna;obec, mesto;
ZŠ;ZŠ;ZŠ;ZŠ;Prešovský;SK041;Stropkov;SK041B;1;cirkevná;cirkev, náboženská spoločnosť;
ZŠ;ZŠ;ZŠ;ZŠ;Prešovský;SK041;Stropkov;SK041B;10;štátna;obec, mesto;
ZŠ;ZŠ;ZŠ;ZŠ;Prešovský;SK041;Svidník;SK041C;1;cirkevná;cirkev, náboženská spoločnosť;
ZŠ;ZŠ;ZŠ;ZŠ;Prešovský;SK041;Svidník;SK041C;1;súkromná;súkromník;
ZŠ;ZŠ;ZŠ;ZŠ;Prešovský;SK041;Svidník;SK041C;16;štátna;obec, mesto;
ZŠ;ZŠ;ZŠ;ZŠ;Prešovský;SK041;Svidník;SK041C;1;štátna;samosprávny kraj ;
ZŠ;ZŠ;ZŠ;ZŠ;Prešovský;SK041;Vranov nad Topľou;SK041D;2;cirkevná;cirkev, náboženská spoločnosť;
ZŠ;ZŠ;ZŠ;ZŠ;Prešovský;SK041;Vranov nad Topľou;SK041D;40;štátna;obec, mesto;
ZŠ;ZŠ;ZŠ;ZŠ;Trenčiansky;SK022;Bánovce nad Bebravou;SK0221;11;štátna;obec, mesto;
ZŠ;ZŠ;ZŠ;ZŠ;Trenčiansky;SK022;Ilava;SK0222;2;cirkevná;cirkev, náboženská spoločnosť;
ZŠ;ZŠ;ZŠ;ZŠ;Trenčiansky;SK022;Ilava;SK0222;1;súkromná;súkromník;
ZŠ;ZŠ;ZŠ;ZŠ;Trenčiansky;SK022;Ilava;SK0222;16;štátna;obec, mesto;
ZŠ;ZŠ;ZŠ;ZŠ;Trenčiansky;SK022;Myjava;SK0223;11;štátna;obec, mesto;
ZŠ;ZŠ;ZŠ;ZŠ;Trenčiansky;SK022;Nové Mesto nad Váhom;SK0224;1;cirkevná;cirkev, náboženská spoločnosť;
ZŠ;ZŠ;ZŠ;ZŠ;Trenčiansky;SK022;Nové Mesto nad Váhom;SK0224;19;štátna;obec, mesto;
ZŠ;ZŠ;ZŠ;ZŠ;Trenčiansky;SK022;Partizánske;SK0225;1;cirkevná;cirkev, náboženská spoločnosť;
ZŠ;ZŠ;ZŠ;ZŠ;Trenčiansky;SK022;Partizánske;SK0225;12;štátna;obec, mesto;
ZŠ;ZŠ;ZŠ;ZŠ;Trenčiansky;SK022;Považská Bystrica;SK0226;1;cirkevná;cirkev, náboženská spoločnosť;
ZŠ;ZŠ;ZŠ;ZŠ;Trenčiansky;SK022;Považská Bystrica;SK0226;1;súkromná;súkromník;
ZŠ;ZŠ;ZŠ;ZŠ;Trenčiansky;SK022;Považská Bystrica;SK0226;19;štátna;obec, mesto;
ZŠ;ZŠ;ZŠ;ZŠ;Trenčiansky;SK022;Prievidza;SK0227;1;cirkevná;cirkev, náboženská spoločnosť;
ZŠ;ZŠ;ZŠ;ZŠ;Trenčiansky;SK022;Prievidza;SK0227;1;súkromná;súkromník;
ZŠ;ZŠ;ZŠ;ZŠ;Trenčiansky;SK022;Prievidza;SK0227;37;štátna;obec, mesto;
ZŠ;ZŠ;ZŠ;ZŠ;Trenčiansky;SK022;Púchov;SK0228;1;cirkevná;cirkev, náboženská spoločnosť;
ZŠ;ZŠ;ZŠ;ZŠ;Trenčiansky;SK022;Púchov;SK0228;16;štátna;obec, mesto;
ZŠ;ZŠ;ZŠ;ZŠ;Trenčiansky;SK022;Trenčín;SK0229;2;cirkevná;cirkev, náboženská spoločnosť;
ZŠ;ZŠ;ZŠ;ZŠ;Trenčiansky;SK022;Trenčín;SK0229;3;súkromná;súkromník;
ZŠ;ZŠ;ZŠ;ZŠ;Trenčiansky;SK022;Trenčín;SK0229;32;štátna;obec, mesto;
ZŠ;ZŠ;ZŠ;ZŠ;Trnavský;SK021;Dunajská Streda;SK0211;3;cirkevná;cirkev, náboženská spoločnosť;
ZŠ;ZŠ;ZŠ;ZŠ;Trnavský;SK021;Dunajská Streda;SK0211;1;súkromná;súkromník;
ZŠ;ZŠ;ZŠ;ZŠ;Trnavský;SK021;Dunajská Streda;SK0211;42;štátna;obec, mesto;
ZŠ;ZŠ;ZŠ;ZŠ;Trnavský;SK021;Dunajská Streda;SK0211;1;štátna;samosprávny kraj ;
ZŠ;ZŠ;ZŠ;ZŠ;Trnavský;SK021;Galanta;SK0212;1;cirkevná;cirkev, náboženská spoločnosť;
ZŠ;ZŠ;ZŠ;ZŠ;Trnavský;SK021;Galanta;SK0212;40;štátna;obec, mesto;
ZŠ;ZŠ;ZŠ;ZŠ;Trnavský;SK021;Hlohovec;SK0213;1;cirkevná;cirkev, náboženská spoločnosť;
ZŠ;ZŠ;ZŠ;ZŠ;Trnavský;SK021;Hlohovec;SK0213;16;štátna;obec, mesto;
ZŠ;ZŠ;ZŠ;ZŠ;Trnavský;SK021;Piešťany;SK0214;1;cirkevná;cirkev, náboženská spoločnosť;
ZŠ;ZŠ;ZŠ;ZŠ;Trnavský;SK021;Piešťany;SK0214;20;štátna;obec, mesto;
ZŠ;ZŠ;ZŠ;ZŠ;Trnavský;SK021;Senica;SK0215;26;štátna;obec, mesto;
ZŠ;ZŠ;ZŠ;ZŠ;Trnavský;SK021;Skalica;SK0216;1;súkromná;súkromník;
ZŠ;ZŠ;ZŠ;ZŠ;Trnavský;SK021;Skalica;SK0216;14;štátna;obec, mesto;
ZŠ;ZŠ;ZŠ;ZŠ;Trnavský;SK021;Trnava;SK0217;2;cirkevná;cirkev, náboženská spoločnosť;
ZŠ;ZŠ;ZŠ;ZŠ;Trnavský;SK021;Trnava;SK0217;2;súkromná;súkromník;
ZŠ;ZŠ;ZŠ;ZŠ;Trnavský;SK021;Trnava;SK0217;36;štátna;obec, mesto;
ZŠ;ZŠ;ZŠ;ZŠ;Trnavský;SK021;Trnava;SK0217;1;štátna;regionálny úrad školskej správy;
ZŠ;ZŠ;ZŠ;ZŠ;Žilinský;SK031;Bytča;SK0311;1;súkromná;súkromník;
ZŠ;ZŠ;ZŠ;ZŠ;Žilinský;SK031;Bytča;SK0311;10;štátna;obec, mesto;
ZŠ;ZŠ;ZŠ;ZŠ;Žilinský;SK031;Čadca;SK0312;2;cirkevná;cirkev, náboženská spoločnosť;
ZŠ;ZŠ;ZŠ;ZŠ;Žilinský;SK031;Čadca;SK0312;30;štátna;obec, mesto;
ZŠ;ZŠ;ZŠ;ZŠ;Žilinský;SK031;Dolný Kubín;SK0313;1;cirkevná;cirkev, náboženská spoločnosť;
ZŠ;ZŠ;ZŠ;ZŠ;Žilinský;SK031;Dolný Kubín;SK0313;1;súkromná;súkromník;
ZŠ;ZŠ;ZŠ;ZŠ;Žilinský;SK031;Dolný Kubín;SK0313;13;štátna;obec, mesto;
ZŠ;ZŠ;ZŠ;ZŠ;Žilinský;SK031;Kysucké Nové Mesto;SK0314;13;štátna;obec, mesto;
ZŠ;ZŠ;ZŠ;ZŠ;Žilinský;SK031;Liptovský Mikuláš;SK0315;2;cirkevná;cirkev, náboženská spoločnosť;
ZŠ;ZŠ;ZŠ;ZŠ;Žilinský;SK031;Liptovský Mikuláš;SK0315;2;súkromná;súkromník;
ZŠ;ZŠ;ZŠ;ZŠ;Žilinský;SK031;Liptovský Mikuláš;SK0315;20;štátna;obec, mesto;
ZŠ;ZŠ;ZŠ;ZŠ;Žilinský;SK031;Martin;SK0316;2;cirkevná;cirkev, náboženská spoločnosť;
ZŠ;ZŠ;ZŠ;ZŠ;Žilinský;SK031;Martin;SK0316;3;súkromná;súkromník;
ZŠ;ZŠ;ZŠ;ZŠ;Žilinský;SK031;Martin;SK0316;27;štátna;obec, mesto;
ZŠ;ZŠ;ZŠ;ZŠ;Žilinský;SK031;Námestovo;SK0317;2;cirkevná;cirkev, náboženská spoločnosť;
ZŠ;ZŠ;ZŠ;ZŠ;Žilinský;SK031;Námestovo;SK0317;25;štátna;obec, mesto;
ZŠ;ZŠ;ZŠ;ZŠ;Žilinský;SK031;Ružomberok;SK0318;2;cirkevná;cirkev, náboženská spoločnosť;
ZŠ;ZŠ;ZŠ;ZŠ;Žilinský;SK031;Ružomberok;SK0318;1;súkromná;súkromník;
ZŠ;ZŠ;ZŠ;ZŠ;Žilinský;SK031;Ružomberok;SK0318;20;štátna;obec, mesto;
ZŠ;ZŠ;ZŠ;ZŠ;Žilinský;SK031;Turčianske Teplice;SK0319;9;štátna;obec, mesto;
ZŠ;ZŠ;ZŠ;ZŠ;Žilinský;SK031;Tvrdošín;SK031A;2;cirkevná;cirkev, náboženská spoločnosť;
ZŠ;ZŠ;ZŠ;ZŠ;Žilinský;SK031;Tvrdošín;SK031A;13;štátna;obec, mesto;
ZŠ;ZŠ;ZŠ;ZŠ;Žilinský;SK031;Žilina;SK031B;5;cirkevná;cirkev, náboženská spoločnosť;
ZŠ;ZŠ;ZŠ;ZŠ;Žilinský;SK031;Žilina;SK031B;3;súkromná;súkromník;
ZŠ;ZŠ;ZŠ;ZŠ;Žilinský;SK031;Žilina;SK031B;47;štátna;obec, mesto;
ZUŠ;ZUŠ;ZUŠ;ZUŠ;Banskobystrický;SK032;Banská Bystrica;SK0321;3;súkromná;súkromník;
ZUŠ;ZUŠ;ZUŠ;ZUŠ;Banskobystrický;SK032;Banská Bystrica;SK0321;3;štátna;obec, mesto;
ZUŠ;ZUŠ;ZUŠ;ZUŠ;Banskobystrický;SK032;Banská Štiavnica;SK0322;1;štátna;obec, mesto;
ZUŠ;ZUŠ;ZUŠ;ZUŠ;Banskobystrický;SK032;Brezno;SK0323;1;súkromná;súkromník;
ZUŠ;ZUŠ;ZUŠ;ZUŠ;Banskobystrický;SK032;Brezno;SK0323;5;štátna;obec, mesto;
ZUŠ;ZUŠ;ZUŠ;ZUŠ;Banskobystrický;SK032;Detva;SK0324;3;štátna;obec, mesto;
ZUŠ;ZUŠ;ZUŠ;ZUŠ;Banskobystrický;SK032;Krupina;SK0325;3;štátna;obec, mesto;
ZUŠ;ZUŠ;ZUŠ;ZUŠ;Banskobystrický;SK032;Lučenec;SK0326;1;cirkevná;cirkev, náboženská spoločnosť;
ZUŠ;ZUŠ;ZUŠ;ZUŠ;Banskobystrický;SK032;Lučenec;SK0326;3;súkromná;súkromník;
ZUŠ;ZUŠ;ZUŠ;ZUŠ;Banskobystrický;SK032;Lučenec;SK0326;1;štátna;obec, mesto;
ZUŠ;ZUŠ;ZUŠ;ZUŠ;Banskobystrický;SK032;Poltár;SK0327;1;súkromná;súkromník;
ZUŠ;ZUŠ;ZUŠ;ZUŠ;Banskobystrický;SK032;Poltár;SK0327;1;štátna;obec, mesto;
ZUŠ;ZUŠ;ZUŠ;ZUŠ;Banskobystrický;SK032;Revúca;SK0328;1;súkromná;súkromník;
ZUŠ;ZUŠ;ZUŠ;ZUŠ;Banskobystrický;SK032;Revúca;SK0328;2;štátna;obec, mesto;
ZUŠ;ZUŠ;ZUŠ;ZUŠ;Banskobystrický;SK032;Rimavská Sobota;SK0329;2;súkromná;súkromník;
ZUŠ;ZUŠ;ZUŠ;ZUŠ;Banskobystrický;SK032;Rimavská Sobota;SK0329;4;štátna;obec, mesto;
ZUŠ;ZUŠ;ZUŠ;ZUŠ;Banskobystrický;SK032;Veľký Krtíš;SK032A;1;súkromná;súkromník;
ZUŠ;ZUŠ;ZUŠ;ZUŠ;Banskobystrický;SK032;Veľký Krtíš;SK032A;4;štátna;obec, mesto;
ZUŠ;ZUŠ;ZUŠ;ZUŠ;Banskobystrický;SK032;Zvolen;SK032B;6;súkromná;súkromník;
ZUŠ;ZUŠ;ZUŠ;ZUŠ;Banskobystrický;SK032;Zvolen;SK032B;3;štátna;obec, mesto;
ZUŠ;ZUŠ;ZUŠ;ZUŠ;Banskobystrický;SK032;Žarnovica;SK032C;2;štátna;obec, mesto;
ZUŠ;ZUŠ;ZUŠ;ZUŠ;Banskobystrický;SK032;Žiar nad Hronom;SK032D;2;súkromná;súkromník;
ZUŠ;ZUŠ;ZUŠ;ZUŠ;Banskobystrický;SK032;Žiar nad Hronom;SK032D;2;štátna;obec, mesto;
ZUŠ;ZUŠ;ZUŠ;ZUŠ;Bratislavský;SK010;Bratislava I;SK0101;3;štátna;obec, mesto;
ZUŠ;ZUŠ;ZUŠ;ZUŠ;Bratislavský;SK010;Bratislava II;SK0102;1;cirkevná;cirkev, náboženská spoločnosť;
ZUŠ;ZUŠ;ZUŠ;ZUŠ;Bratislavský;SK010;Bratislava II;SK0102;5;súkromná;súkromník;
ZUŠ;ZUŠ;ZUŠ;ZUŠ;Bratislavský;SK010;Bratislava II;SK0102;2;štátna;obec, mesto;
ZUŠ;ZUŠ;ZUŠ;ZUŠ;Bratislavský;SK010;Bratislava III;SK0103;2;súkromná;súkromník;
ZUŠ;ZUŠ;ZUŠ;ZUŠ;Bratislavský;SK010;Bratislava III;SK0103;2;štátna;obec, mesto;
ZUŠ;ZUŠ;ZUŠ;ZUŠ;Bratislavský;SK010;Bratislava IV;SK0104;2;súkromná;súkromník;
ZUŠ;ZUŠ;ZUŠ;ZUŠ;Bratislavský;SK010;Bratislava IV;SK0104;3;štátna;obec, mesto;
ZUŠ;ZUŠ;ZUŠ;ZUŠ;Bratislavský;SK010;Bratislava V;SK0105;8;súkromná;súkromník;
ZUŠ;ZUŠ;ZUŠ;ZUŠ;Bratislavský;SK010;Bratislava V;SK0105;2;štátna;obec, mesto;
ZUŠ;ZUŠ;ZUŠ;ZUŠ;Bratislavský;SK010;Malacky;SK0106;2;súkromná;súkromník;
ZUŠ;ZUŠ;ZUŠ;ZUŠ;Bratislavský;SK010;Malacky;SK0106;2;štátna;obec, mesto;
ZUŠ;ZUŠ;ZUŠ;ZUŠ;Bratislavský;SK010;Pezinok;SK0107;2;súkromná;súkromník;
ZUŠ;ZUŠ;ZUŠ;ZUŠ;Bratislavský;SK010;Pezinok;SK0107;5;štátna;obec, mesto;
ZUŠ;ZUŠ;ZUŠ;ZUŠ;Bratislavský;SK010;Senec;SK0108;8;súkromná;súkromník;
ZUŠ;ZUŠ;ZUŠ;ZUŠ;Bratislavský;SK010;Senec;SK0108;4;štátna;obec, mesto;
ZUŠ;ZUŠ;ZUŠ;ZUŠ;Košický;SK042;Gelnica;SK0421;2;súkromná;súkromník;
ZUŠ;ZUŠ;ZUŠ;ZUŠ;Košický;SK042;Gelnica;SK0421;1;štátna;obec, mesto;
ZUŠ;ZUŠ;ZUŠ;ZUŠ;Košický;SK042;Košice - okolie;SK0426;1;súkromná;súkromník;
ZUŠ;ZUŠ;ZUŠ;ZUŠ;Košický;SK042;Košice - okolie;SK0426;3;štátna;obec, mesto;
ZUŠ;ZUŠ;ZUŠ;ZUŠ;Košický;SK042;Košice I;SK0422;1;súkromná;súkromník;
ZUŠ;ZUŠ;ZUŠ;ZUŠ;Košický;SK042;Košice I;SK0422;2;štátna;obec, mesto;
ZUŠ;ZUŠ;ZUŠ;ZUŠ;Košický;SK042;Košice II;SK0423;1;cirkevná;cirkev, náboženská spoločnosť;
ZUŠ;ZUŠ;ZUŠ;ZUŠ;Košický;SK042;Košice II;SK0423;3;súkromná;súkromník;
ZUŠ;ZUŠ;ZUŠ;ZUŠ;Košický;SK042;Košice II;SK0423;1;štátna;obec, mesto;
ZUŠ;ZUŠ;ZUŠ;ZUŠ;Košický;SK042;Košice III;SK0424;1;súkromná;súkromník;
ZUŠ;ZUŠ;ZUŠ;ZUŠ;Košický;SK042;Košice IV;SK0425;3;súkromná;súkromník;
ZUŠ;ZUŠ;ZUŠ;ZUŠ;Košický;SK042;Košice IV;SK0425;2;štátna;obec, mesto;
ZUŠ;ZUŠ;ZUŠ;ZUŠ;Košický;SK042;Michalovce;SK0427;3;súkromná;súkromník;
ZUŠ;ZUŠ;ZUŠ;ZUŠ;Košický;SK042;Michalovce;SK0427;3;štátna;obec, mesto;
ZUŠ;ZUŠ;ZUŠ;ZUŠ;Košický;SK042;Rožňava;SK0428;1;súkromná;súkromník;
ZUŠ;ZUŠ;ZUŠ;ZUŠ;Košický;SK042;Rožňava;SK0428;2;štátna;obec, mesto;
ZUŠ;ZUŠ;ZUŠ;ZUŠ;Košický;SK042;Sobrance;SK0429;1;štátna;obec, mesto;
ZUŠ;ZUŠ;ZUŠ;ZUŠ;Košický;SK042;Spišská Nová Ves;SK042A;1;cirkevná;cirkev, náboženská spoločnosť;
ZUŠ;ZUŠ;ZUŠ;ZUŠ;Košický;SK042;Spišská Nová Ves;SK042A;2;súkromná;súkromník;
ZUŠ;ZUŠ;ZUŠ;ZUŠ;Košický;SK042;Spišská Nová Ves;SK042A;4;štátna;obec, mesto;
ZUŠ;ZUŠ;ZUŠ;ZUŠ;Košický;SK042;Trebišov;SK042B;1;cirkevná;cirkev, náboženská spoločnosť;
ZUŠ;ZUŠ;ZUŠ;ZUŠ;Košický;SK042;Trebišov;SK042B;2;súkromná;súkromník;
ZUŠ;ZUŠ;ZUŠ;ZUŠ;Košický;SK042;Trebišov;SK042B;4;štátna;obec, mesto;
ZUŠ;ZUŠ;ZUŠ;ZUŠ;Nitriansky;SK023;Komárno;SK0231;2;súkromná;súkromník;
ZUŠ;ZUŠ;ZUŠ;ZUŠ;Nitriansky;SK023;Komárno;SK0231;3;štátna;obec, mesto;
ZUŠ;ZUŠ;ZUŠ;ZUŠ;Nitriansky;SK023;Levice;SK0232;2;súkromná;súkromník;
ZUŠ;ZUŠ;ZUŠ;ZUŠ;Nitriansky;SK023;Levice;SK0232;4;štátna;obec, mesto;
ZUŠ;ZUŠ;ZUŠ;ZUŠ;Nitriansky;SK023;Nitra;SK0233;7;súkromná;súkromník;
ZUŠ;ZUŠ;ZUŠ;ZUŠ;Nitriansky;SK023;Nitra;SK0233;3;štátna;obec, mesto;
ZUŠ;ZUŠ;ZUŠ;ZUŠ;Nitriansky;SK023;Nové Zámky;SK0234;3;súkromná;súkromník;
ZUŠ;ZUŠ;ZUŠ;ZUŠ;Nitriansky;SK023;Nové Zámky;SK0234;3;štátna;obec, mesto;
ZUŠ;ZUŠ;ZUŠ;ZUŠ;Nitriansky;SK023;Šaľa;SK0235;2;štátna;obec, mesto;
ZUŠ;ZUŠ;ZUŠ;ZUŠ;Nitriansky;SK023;Topoľčany;SK0236;1;cirkevná;cirkev, náboženská spoločnosť;
ZUŠ;ZUŠ;ZUŠ;ZUŠ;Nitriansky;SK023;Topoľčany;SK0236;1;štátna;obec, mesto;
ZUŠ;ZUŠ;ZUŠ;ZUŠ;Nitriansky;SK023;Zlaté Moravce;SK0237;1;štátna;obec, mesto;
ZUŠ;ZUŠ;ZUŠ;ZUŠ;Prešovský;SK041;Bardejov;SK0411;1;cirkevná;cirkev, náboženská spoločnosť;
ZUŠ;ZUŠ;ZUŠ;ZUŠ;Prešovský;SK041;Bardejov;SK0411;4;súkromná;súkromník;
ZUŠ;ZUŠ;ZUŠ;ZUŠ;Prešovský;SK041;Bardejov;SK0411;3;štátna;obec, mesto;
ZUŠ;ZUŠ;ZUŠ;ZUŠ;Prešovský;SK041;Humenné;SK0412;3;súkromná;súkromník;
ZUŠ;ZUŠ;ZUŠ;ZUŠ;Prešovský;SK041;Humenné;SK0412;1;štátna;obec, mesto;
ZUŠ;ZUŠ;ZUŠ;ZUŠ;Prešovský;SK041;Kežmarok;SK0413;2;súkromná;súkromník;
ZUŠ;ZUŠ;ZUŠ;ZUŠ;Prešovský;SK041;Kežmarok;SK0413;6;štátna;obec, mesto;
ZUŠ;ZUŠ;ZUŠ;ZUŠ;Prešovský;SK041;Levoča;SK0414;1;cirkevná;cirkev, náboženská spoločnosť;
ZUŠ;ZUŠ;ZUŠ;ZUŠ;Prešovský;SK041;Levoča;SK0414;1;súkromná;súkromník;
ZUŠ;ZUŠ;ZUŠ;ZUŠ;Prešovský;SK041;Levoča;SK0414;3;štátna;obec, mesto;
ZUŠ;ZUŠ;ZUŠ;ZUŠ;Prešovský;SK041;Medzilaborce;SK0415;1;štátna;obec, mesto;
ZUŠ;ZUŠ;ZUŠ;ZUŠ;Prešovský;SK041;Poprad;SK0416;1;cirkevná;cirkev, náboženská spoločnosť;
ZUŠ;ZUŠ;ZUŠ;ZUŠ;Prešovský;SK041;Poprad;SK0416;3;súkromná;súkromník;
ZUŠ;ZUŠ;ZUŠ;ZUŠ;Prešovský;SK041;Poprad;SK0416;5;štátna;obec, mesto;
ZUŠ;ZUŠ;ZUŠ;ZUŠ;Prešovský;SK041;Prešov;SK0417;1;cirkevná;cirkev, náboženská spoločnosť;
ZUŠ;ZUŠ;ZUŠ;ZUŠ;Prešovský;SK041;Prešov;SK0417;9;súkromná;súkromník;
ZUŠ;ZUŠ;ZUŠ;ZUŠ;Prešovský;SK041;Prešov;SK0417;5;štátna;obec, mesto;
ZUŠ;ZUŠ;ZUŠ;ZUŠ;Prešovský;SK041;Sabinov;SK0418;2;štátna;obec, mesto;
ZUŠ;ZUŠ;ZUŠ;ZUŠ;Prešovský;SK041;Snina;SK0419;3;súkromná;súkromník;
ZUŠ;ZUŠ;ZUŠ;ZUŠ;Prešovský;SK041;Snina;SK0419;1;štátna;obec, mesto;
ZUŠ;ZUŠ;ZUŠ;ZUŠ;Prešovský;SK041;Stará Ľubovňa;SK041A;2;súkromná;súkromník;
ZUŠ;ZUŠ;ZUŠ;ZUŠ;Prešovský;SK041;Stará Ľubovňa;SK041A;1;štátna;obec, mesto;
ZUŠ;ZUŠ;ZUŠ;ZUŠ;Prešovský;SK041;Stropkov;SK041B;1;súkromná;súkromník;
ZUŠ;ZUŠ;ZUŠ;ZUŠ;Prešovský;SK041;Stropkov;SK041B;1;štátna;obec, mesto;
ZUŠ;ZUŠ;ZUŠ;ZUŠ;Prešovský;SK041;Svidník;SK041C;1;súkromná;súkromník;
ZUŠ;ZUŠ;ZUŠ;ZUŠ;Prešovský;SK041;Svidník;SK041C;2;štátna;obec, mesto;
ZUŠ;ZUŠ;ZUŠ;ZUŠ;Prešovský;SK041;Vranov nad Topľou;SK041D;3;súkromná;súkromník;
ZUŠ;ZUŠ;ZUŠ;ZUŠ;Prešovský;SK041;Vranov nad Topľou;SK041D;2;štátna;obec, mesto;
ZUŠ;ZUŠ;ZUŠ;ZUŠ;Trenčiansky;SK022;Bánovce nad Bebravou;SK0221;1;súkromná;súkromník;
ZUŠ;ZUŠ;ZUŠ;ZUŠ;Trenčiansky;SK022;Bánovce nad Bebravou;SK0221;1;štátna;obec, mesto;
ZUŠ;ZUŠ;ZUŠ;ZUŠ;Trenčiansky;SK022;Ilava;SK0222;6;súkromná;súkromník;
ZUŠ;ZUŠ;ZUŠ;ZUŠ;Trenčiansky;SK022;Ilava;SK0222;4;štátna;obec, mesto;
ZUŠ;ZUŠ;ZUŠ;ZUŠ;Trenčiansky;SK022;Myjava;SK0223;2;štátna;obec, mesto;
ZUŠ;ZUŠ;ZUŠ;ZUŠ;Trenčiansky;SK022;Nové Mesto nad Váhom;SK0224;5;štátna;obec, mesto;
ZUŠ;ZUŠ;ZUŠ;ZUŠ;Trenčiansky;SK022;Partizánske;SK0225;4;súkromná;súkromník;
ZUŠ;ZUŠ;ZUŠ;ZUŠ;Trenčiansky;SK022;Partizánske;SK0225;2;štátna;obec, mesto;
ZUŠ;ZUŠ;ZUŠ;ZUŠ;Trenčiansky;SK022;Považská Bystrica;SK0226;1;súkromná;súkromník;
ZUŠ;ZUŠ;ZUŠ;ZUŠ;Trenčiansky;SK022;Považská Bystrica;SK0226;15;štátna;obec, mesto;
ZUŠ;ZUŠ;ZUŠ;ZUŠ;Trenčiansky;SK022;Prievidza;SK0227;7;súkromná;súkromník;
ZUŠ;ZUŠ;ZUŠ;ZUŠ;Trenčiansky;SK022;Prievidza;SK0227;5;štátna;obec, mesto;
ZUŠ;ZUŠ;ZUŠ;ZUŠ;Trenčiansky;SK022;Púchov;SK0228;2;štátna;obec, mesto;
ZUŠ;ZUŠ;ZUŠ;ZUŠ;Trenčiansky;SK022;Trenčín;SK0229;11;súkromná;súkromník;
ZUŠ;ZUŠ;ZUŠ;ZUŠ;Trenčiansky;SK022;Trenčín;SK0229;2;štátna;obec, mesto;
ZUŠ;ZUŠ;ZUŠ;ZUŠ;Trnavský;SK021;Dunajská Streda;SK0211;1;cirkevná;cirkev, náboženská spoločnosť;
ZUŠ;ZUŠ;ZUŠ;ZUŠ;Trnavský;SK021;Dunajská Streda;SK0211;6;štátna;obec, mesto;
ZUŠ;ZUŠ;ZUŠ;ZUŠ;Trnavský;SK021;Galanta;SK0212;4;štátna;obec, mesto;
ZUŠ;ZUŠ;ZUŠ;ZUŠ;Trnavský;SK021;Hlohovec;SK0213;1;súkromná;súkromník;
ZUŠ;ZUŠ;ZUŠ;ZUŠ;Trnavský;SK021;Hlohovec;SK0213;1;štátna;obec, mesto;
ZUŠ;ZUŠ;ZUŠ;ZUŠ;Trnavský;SK021;Piešťany;SK0214;1;cirkevná;cirkev, náboženská spoločnosť;
ZUŠ;ZUŠ;ZUŠ;ZUŠ;Trnavský;SK021;Piešťany;SK0214;1;súkromná;súkromník;
ZUŠ;ZUŠ;ZUŠ;ZUŠ;Trnavský;SK021;Piešťany;SK0214;1;štátna;obec, mesto;
ZUŠ;ZUŠ;ZUŠ;ZUŠ;Trnavský;SK021;Senica;SK0215;4;štátna;obec, mesto;
ZUŠ;ZUŠ;ZUŠ;ZUŠ;Trnavský;SK021;Skalica;SK0216;3;štátna;obec, mesto;
ZUŠ;ZUŠ;ZUŠ;ZUŠ;Trnavský;SK021;Trnava;SK0217;5;súkromná;súkromník;
ZUŠ;ZUŠ;ZUŠ;ZUŠ;Trnavský;SK021;Trnava;SK0217;5;štátna;obec, mesto;
ZUŠ;ZUŠ;ZUŠ;ZUŠ;Žilinský;SK031;Bytča;SK0311;1;súkromná;súkromník;
ZUŠ;ZUŠ;ZUŠ;ZUŠ;Žilinský;SK031;Bytča;SK0311;1;štátna;obec, mesto;
ZUŠ;ZUŠ;ZUŠ;ZUŠ;Žilinský;SK031;Čadca;SK0312;2;súkromná;súkromník;
ZUŠ;ZUŠ;ZUŠ;ZUŠ;Žilinský;SK031;Čadca;SK0312;4;štátna;obec, mesto;
ZUŠ;ZUŠ;ZUŠ;ZUŠ;Žilinský;SK031;Dolný Kubín;SK0313;1;súkromná;súkromník;
ZUŠ;ZUŠ;ZUŠ;ZUŠ;Žilinský;SK031;Dolný Kubín;SK0313;2;štátna;obec, mesto;
ZUŠ;ZUŠ;ZUŠ;ZUŠ;Žilinský;SK031;Kysucké Nové Mesto;SK0314;2;štátna;obec, mesto;
ZUŠ;ZUŠ;ZUŠ;ZUŠ;Žilinský;SK031;Liptovský Mikuláš;SK0315;2;súkromná;súkromník;
ZUŠ;ZUŠ;ZUŠ;ZUŠ;Žilinský;SK031;Liptovský Mikuláš;SK0315;2;štátna;obec, mesto;
ZUŠ;ZUŠ;ZUŠ;ZUŠ;Žilinský;SK031;Martin;SK0316;8;súkromná;súkromník;
ZUŠ;ZUŠ;ZUŠ;ZUŠ;Žilinský;SK031;Martin;SK0316;2;štátna;obec, mesto;
ZUŠ;ZUŠ;ZUŠ;ZUŠ;Žilinský;SK031;Námestovo;SK0317;3;súkromná;súkromník;
ZUŠ;ZUŠ;ZUŠ;ZUŠ;Žilinský;SK031;Námestovo;SK0317;1;štátna;obec, mesto;
ZUŠ;ZUŠ;ZUŠ;ZUŠ;Žilinský;SK031;Ružomberok;SK0318;6;súkromná;súkromník;
ZUŠ;ZUŠ;ZUŠ;ZUŠ;Žilinský;SK031;Ružomberok;SK0318;1;štátna;obec, mesto;
ZUŠ;ZUŠ;ZUŠ;ZUŠ;Žilinský;SK031;Turčianske Teplice;SK0319;3;štátna;obec, mesto;
ZUŠ;ZUŠ;ZUŠ;ZUŠ;Žilinský;SK031;Tvrdošín;SK031A;2;súkromná;súkromník;
ZUŠ;ZUŠ;ZUŠ;ZUŠ;Žilinský;SK031;Tvrdošín;SK031A;3;štátna;obec, mesto;
ZUŠ;ZUŠ;ZUŠ;ZUŠ;Žilinský;SK031;Žilina;SK031B;6;súkromná;súkromník;
ZUŠ;ZUŠ;ZUŠ;ZUŠ;Žilinský;SK031;Žilina;SK031B;4;štátna;obec, mesto;
